KOR,MATH,GRADE
20,68,B
13,23,C
84,16,B
90,72,A
64,69,B
54,42,B
46,88,B
45,14,C
98,18,B
94,100,A
39,51,B
83,18,B
21,97,B
42,66,B
58,46,B
88,16,B
25,96,B
18,83,B
26,21,C
80,84,A
26,36,C
23,72,B
93,71,A
84,76,A
91,78,A
10,98,B
62,96,A
98,48,A
85,10,B
55,67,B
29,16,C
16,64,B
50,91,A
97,93,A
95,43,B
93,21,B
28,39,C
17,14,C
83,16,B
68,87,A
36,92,B
50,25,C
60,53,B
67,75,A
43,51,B
75,25,B
30,80,B
83,30,B
13,80,B
46,70,B
42,26,C
54,12,C
42,37,C
99,48,A
62,88,A
82,72,A
87,80,A
81,91,A
44,51,B
29,37,C
79,89,A
50,22,C
23,43,C
68,48,B
54,17,C
70,92,A
85,18,B
28,51,C
29,88,B
47,10,C
76,17,B
40,26,C
71,42,B
64,46,B
37,61,B
64,57,B
65,56,B
59,56,B
25,42,C
63,93,A
82,57,B
67,50,B
87,72,A
17,26,C
48,72,B
49,83,B
41,37,C
47,98,A
39,43,B
84,31,B
91,66,A
34,78,B
56,37,B
77,21,B
77,20,B
85,56,A
77,54,B
94,82,A
61,83,A
23,84,B
29,91,B
26,97,B
54,80,B
38,75,B
48,66,B
51,46,B
48,98,A
55,81,B
91,17,B
13,85,B
26,25,C
89,13,B
54,54,B
90,78,A
51,86,B
59,67,B
87,22,B
63,33,B
94,98,A
46,55,B
92,71,A
86,85,A
88,49,B
60,43,B
54,95,A
29,34,C
10,65,C
57,15,C
19,48,C
44,63,B
22,54,C
73,32,B
40,49,B
13,69,B
81,55,B
84,67,A
68,10,C
95,50,A
82,30,B
56,33,B
92,74,A
86,85,A
16,99,B
45,77,B
28,45,C
77,14,B
83,39,B
84,38,B
52,45,B
14,69,B
49,40,B
20,68,B
45,10,C
34,51,B
28,44,C
37,67,B
81,63,A
77,60,B
68,100,A
64,60,B
41,34,C
94,40,B
64,66,B
48,97,A
68,37,B
77,67,A
80,78,A
43,59,B
60,23,B
95,57,A
18,48,C
27,58,B
10,38,C
22,70,B
28,70,B
50,96,A
42,61,B
83,27,B
18,47,C
15,20,C
49,33,B
88,25,B
85,77,A
40,50,B
23,58,B
36,73,B
96,76,A
93,92,A
59,20,C
95,84,A
95,88,A
11,72,B
47,40,B
48,40,B
55,30,B
21,37,C
78,69,A
12,16,C
87,90,A
61,49,B
77,46,B
70,44,B
33,54,B
41,15,C
98,82,A
58,15,C
14,87,B
93,32,B
72,59,B
77,58,B
47,10,C
99,39,B
19,19,C
63,25,B
35,18,C
29,90,B
65,65,B
72,29,B
36,91,B
57,73,B
25,14,C
96,66,A
34,53,B
90,22,B
49,84,B
26,90,B
51,34,B
91,62,A
42,14,C
20,82,B
42,74,B
24,31,C
65,31,B
77,24,B
88,15,B
66,43,B
90,59,A
92,48,A
21,55,C
95,42,B
73,97,A
55,21,C
88,33,B
53,79,B
35,69,B
34,71,B
75,36,B
11,98,B
88,35,B
33,40,C
33,37,C
86,36,B
90,61,A
49,11,C
30,31,C
43,99,A
46,95,A
74,55,B
24,63,B
35,65,B
48,59,B
35,23,C
63,57,B
54,79,B
17,79,B
41,48,B
98,87,A
69,26,B
22,46,C
79,24,B
33,86,B
45,64,B
97,97,A
91,86,A
52,16,C
57,52,B
93,100,A
72,92,A
65,16,B
63,73,B
98,47,A
92,16,B
61,98,A
83,48,B
23,19,C
36,18,C
17,87,B
42,92,B
89,86,A
59,93,A
94,41,B
66,60,B
11,32,C
94,90,A
79,41,B
85,65,A
81,69,A
65,36,B
56,97,A
91,58,A
37,92,B
54,10,C
57,35,B
80,55,B
26,18,C
28,64,B
89,37,B
73,92,A
80,13,B
26,18,C
16,63,C
88,100,A
11,95,B
58,12,C
56,98,A
19,39,C
36,73,B
72,29,B
27,100,B
29,18,C
11,95,B
13,82,B
14,96,B
71,19,B
18,90,B
71,55,B
54,49,B
37,47,B
51,63,B
51,46,B
13,92,B
30,66,B
38,42,B
86,75,A
83,87,A
77,36,B
12,67,C
18,61,C
58,27,B
50,78,B
49,63,B
10,30,C
58,61,B
73,63,B
64,21,B
24,41,C
18,29,C
90,14,B
51,47,B
67,19,B
32,15,C
56,59,B
86,16,B
62,92,A
37,35,C
77,83,A
53,21,C
97,60,A
23,100,B
39,47,B
76,15,B
40,19,C
56,96,A
30,38,C
49,76,B
74,33,B
52,64,B
94,32,B
16,61,C
99,55,A
51,67,B
58,33,B
18,89,B
45,54,B
23,54,C
43,18,C
32,46,C
63,25,B
15,84,B
12,34,C
70,51,B
91,81,A
62,78,A
85,34,B
63,51,B
70,15,B
84,73,A
44,23,C
73,63,B
53,26,C
72,96,A
84,40,B
24,11,C
32,56,B
38,46,B
47,57,B
56,42,B
25,16,C
29,56,B
87,90,A
33,59,B
75,16,B
20,66,B
83,38,B
91,30,B
52,46,B
61,29,B
53,39,B
54,72,B
68,34,B
30,17,C
91,69,A
25,26,C
94,22,B
37,26,C
49,83,B
99,69,A
43,100,A
34,77,B
27,98,B
69,29,B
28,77,B
24,57,B
95,29,B
20,13,C
38,30,C
48,88,B
22,66,B
96,60,A
50,20,C
30,76,B
46,28,C
97,19,B
77,26,B
97,92,A
47,55,B
22,72,B
95,10,B
16,84,B
82,49,B
66,78,A
40,77,B
76,44,B
18,18,C
84,20,B
29,39,C
31,26,C
21,97,B
65,12,C
92,98,A
64,21,B
92,58,A
30,37,C
38,35,C
29,87,B
42,71,B
92,47,B
59,65,B
23,10,C
87,75,A
10,88,B
59,30,B
99,18,B
13,11,C
43,78,B
100,59,A
57,18,C
37,47,B
78,67,A
72,49,B
45,60,B
37,59,B
33,52,B
80,14,B
95,39,B
91,36,B
54,26,B
83,51,B
69,31,B
34,27,C
61,92,A
38,17,C
75,32,B
48,35,B
19,87,B
26,29,C
100,60,A
24,86,B
10,88,B
99,59,A
52,12,C
60,26,B
42,45,B
81,31,B
58,13,C
75,18,B
66,12,C
98,72,A
38,53,B
14,64,C
63,72,B
93,56,A
47,18,C
26,40,C
81,74,A
87,41,B
50,65,B
22,64,B
14,27,C
50,24,C
27,94,B
22,92,B
99,64,A
59,16,C
66,63,B
20,48,C
85,19,B
29,22,C
96,54,A
14,67,B
58,60,B
26,97,B
43,17,C
78,99,A
33,15,C
26,78,B
65,11,C
85,98,A
88,64,A
98,46,A
22,18,C
42,71,B
55,31,B
98,78,A
69,81,A
87,95,A
45,70,B
65,98,A
54,32,B
86,99,A
66,97,A
39,66,B
82,91,A
73,24,B
24,59,B
36,13,C
66,57,B
18,34,C
13,20,C
62,45,B
72,35,B
85,27,B
79,14,B
82,60,A
27,77,B
53,76,B
46,83,B
96,18,B
17,51,C
93,85,A
85,59,A
64,41,B
50,93,A
28,56,B
39,18,C
99,85,A
84,87,A
53,84,B
96,25,B
87,36,B
84,35,B
49,44,B
84,57,A
11,85,B
75,19,B
17,90,B
77,25,B
70,73,A
68,94,A
16,85,B
13,89,B
53,52,B
12,14,C
87,37,B
67,20,B
78,55,B
18,63,B
78,68,A
47,82,B
75,37,B
44,22,C
83,46,B
10,48,C
92,20,B
68,32,B
75,14,B
69,78,A
10,59,C
40,75,B
81,17,B
45,26,C
65,65,B
20,22,C
92,86,A
93,59,A
89,95,A
51,42,B
25,77,B
96,17,B
34,92,B
18,40,C
98,96,A
24,54,C
43,91,B
36,75,B
24,96,B
55,26,B
59,64,B
41,27,C
34,16,C
61,30,B
21,88,B
87,90,A
78,28,B
89,75,A
81,71,A
54,42,B
84,100,A
89,12,B
76,67,A
82,21,B
60,63,B
27,84,B
61,12,C
95,35,B
35,42,C
72,40,B
96,11,B
10,85,B
44,80,B
16,87,B
66,27,B
84,22,B
47,32,C
26,92,B
83,57,A
14,60,C
36,36,C
46,57,B
34,97,B
33,59,B
25,38,C
25,28,C
46,18,C
61,63,B
28,46,C
26,98,B
82,22,B
17,85,B
97,33,B
12,14,C
92,61,A
69,95,A
89,49,B
48,54,B
17,94,B
81,11,B
77,15,B
33,83,B
56,19,C
80,21,B
12,81,B
82,92,A
64,70,B
50,26,C
32,68,B
27,21,C
49,83,B
89,41,B
78,77,A
71,93,A
54,89,A
51,80,B
52,12,C
94,98,A
31,61,B
98,33,B
13,46,C
88,40,B
51,42,B
45,64,B
17,58,C
15,98,B
48,36,B
60,100,A
50,60,B
35,46,B
73,53,B
49,87,B
86,93,A
78,70,A
74,83,A
22,98,B
39,62,B
99,42,A
35,13,C
96,25,B
38,22,C
85,17,B
36,90,B
73,30,B
75,87,A
93,43,B
54,39,B
47,87,B
91,44,B
16,54,C
10,46,C
76,98,A
59,97,A
94,20,B
77,29,B
54,52,B
59,71,B
26,62,B
20,20,C
90,21,B
56,33,B
38,31,C
97,52,A
31,90,B
42,100,A
71,63,B
33,21,C
25,10,C
23,48,C
61,24,B
67,88,A
32,31,C
47,91,B
80,69,A
57,86,A
52,29,B
73,36,B
71,66,B
51,42,B
90,73,A
69,46,B
68,35,B
30,35,C
85,37,B
29,86,B
22,68,B
64,61,B
82,40,B
52,57,B
42,64,B
68,56,B
91,59,A
60,31,B
10,89,B
16,25,C
67,59,B
24,50,C
97,53,A
79,63,A
49,97,A
15,31,C
55,69,B
93,67,A
66,90,A
25,86,B
67,36,B
33,53,B
77,90,A
38,89,B
68,44,B
73,15,B
89,31,B
88,76,A
99,50,A
38,90,B
33,47,B
70,14,B
47,86,B
54,28,B
72,38,B
78,26,B
89,10,B
100,87,A
22,99,B
15,38,C
81,25,B
16,25,C
13,30,C
85,51,B
81,20,B
35,70,B
88,68,A
59,14,C
69,45,B
97,55,A
74,10,B
28,20,C
82,72,A
87,98,A
48,60,B
35,75,B
94,87,A
87,62,A
93,99,A
14,89,B
77,25,B
85,70,A
35,93,B
38,43,B
16,74,B
16,27,C
47,22,C
21,87,B
47,64,B
89,87,A
83,68,A
31,97,B
45,61,B
31,73,B
67,34,B
24,72,B
16,91,B
78,31,B
11,97,B
91,82,A
47,35,B
31,19,C
77,52,B
42,89,B
56,59,B
12,76,B
97,93,A
63,82,A
76,77,A
87,39,B
27,100,B
100,54,A
89,92,A
41,88,B
71,95,A
74,72,A
78,84,A
44,37,B
70,88,A
76,26,B
63,48,B
93,11,B
76,14,B
21,85,B
64,71,B
48,21,C
50,61,B
62,61,B
20,81,B
11,29,C
19,29,C
72,27,B
69,87,A
47,36,B
59,100,A
26,79,B
67,17,B
71,42,B
17,28,C
25,24,C
47,72,B
88,27,B
77,16,B
87,86,A
76,25,B
57,52,B
89,35,B
49,97,A
55,74,B
18,17,C
30,85,B
54,48,B
32,22,C
43,80,B
39,10,C
92,88,A
56,56,B
63,85,A
58,42,B
11,73,B
33,21,C
95,83,A
87,61,A
24,13,C
11,88,B
88,44,B
46,28,C
62,67,B
28,59,B
74,20,B
47,46,B
80,79,A
92,98,A
56,83,B
98,53,A
74,82,A
62,91,A
14,23,C
45,31,C
28,72,B
84,24,B
78,32,B
88,27,B
36,66,B
39,10,C
93,68,A
69,21,B
87,62,A
54,34,B
27,18,C
50,26,C
98,81,A
14,77,B
85,26,B
49,92,A
64,78,A
29,68,B
38,72,B
19,35,C
55,99,A
41,70,B
86,84,A
72,42,B
16,93,B
58,13,C
46,92,B
33,96,B
49,18,C
49,14,C
64,72,B
15,47,C
77,41,B
81,75,A
27,75,B
47,98,A
15,100,B
79,74,A
48,23,C
72,81,A
38,67,B
42,93,B
78,71,A
33,35,C
24,35,C
90,22,B
74,100,A
100,84,A
70,87,A
56,14,C
19,17,C
93,90,A
60,16,C
47,67,B
32,21,C
80,77,A
91,25,B
92,39,B
77,70,A
64,92,A
59,93,A
60,19,C
93,86,A
37,43,B
91,72,A
20,91,B
26,18,C
22,30,C
72,53,B
89,64,A
11,12,C
53,68,B
82,36,B
26,58,B
89,51,A
12,76,B
21,51,C
35,45,B
17,66,B
74,35,B
52,69,B
55,94,A
22,67,B
34,46,B
56,53,B
80,50,B
17,80,B
63,92,A
75,33,B
59,51,B
86,34,B
91,99,A
14,87,B
87,95,A
69,88,A
57,40,B
21,68,B
25,73,B
11,44,C
36,43,C
17,93,B
25,46,C
22,10,C
49,36,B
73,38,B
32,69,B
11,37,C
57,49,B
12,60,C
58,18,C
74,62,B
79,44,B
76,82,A
47,17,C
37,43,B
37,83,B
25,50,C
37,12,C
75,47,B
90,76,A
84,25,B
52,10,C
50,88,B
76,57,B
100,79,A
25,85,B
17,81,B
94,87,A
11,62,C
96,58,A
97,43,A
43,94,B
52,30,B
62,12,C
68,27,B
47,36,B
55,41,B
94,41,B
72,48,B
14,66,B
95,69,A
68,91,A
32,30,C
18,62,B
40,59,B
67,61,B
74,36,B
48,95,A
41,81,B
39,55,B
22,84,B
72,52,B
86,87,A
86,30,B
36,87,B
20,19,C
64,57,B
35,33,C
64,20,B
96,57,A
80,79,A
62,39,B
31,46,C
97,88,A
31,49,B
59,15,C
52,47,B
85,32,B
25,18,C
51,76,B
77,76,A
76,75,A
64,64,B
48,40,B
24,88,B
42,74,B
76,96,A
97,72,A
87,43,B
92,25,B
58,36,B
12,37,C
24,48,C
86,86,A
71,86,A
45,37,B
90,62,A
13,31,C
32,69,B
30,47,C
49,29,C
44,47,B
15,92,B
53,35,B
47,38,B
24,61,B
12,37,C
98,51,A
15,79,B
65,88,A
39,41,B
70,68,B
57,64,B
75,100,A
42,15,C
31,86,B
26,99,B
85,58,A
85,92,A
67,91,A
76,78,A
11,18,C
54,24,C
30,90,B
72,98,A
10,32,C
64,35,B
50,72,B
89,29,B
80,58,B
11,35,C
40,59,B
97,80,A
20,66,B
79,34,B
25,49,C
54,79,B
92,37,B
18,36,C
19,50,C
54,52,B
77,34,B
47,10,C
29,20,C
19,22,C
66,89,A
46,21,C
81,60,A
32,34,C
50,96,A
47,98,A
54,65,B
69,77,A
71,32,B
43,59,B
25,42,C
43,34,C
78,30,B
12,87,B
64,41,B
39,66,B
82,90,A
32,38,C
54,52,B
21,64,B
100,14,B
27,51,C
63,61,B
42,89,B
79,50,B
90,88,A
11,53,C
97,53,A
34,15,C
98,49,A
48,96,A
34,83,B
23,39,C
86,93,A
20,56,C
64,75,B
82,37,B
38,26,C
88,32,B
17,43,C
72,20,B
42,48,B
98,95,A
89,70,A
15,56,C
94,79,A
95,34,B
91,89,A
26,32,C
28,16,C
19,79,B
33,51,B
79,57,B
83,85,A
27,63,B
18,47,C
37,21,C
16,12,C
49,88,B
61,45,B
88,31,B
97,98,A
43,26,C
58,35,B
61,80,A
15,70,B
45,15,C
97,97,A
74,12,B
74,21,B
35,72,B
24,89,B
44,40,B
22,26,C
67,94,A
98,88,A
44,99,A
43,94,B
61,44,B
42,86,B
79,15,B
66,68,B
56,35,B
36,90,B
86,98,A
96,70,A
82,84,A
64,56,B
45,30,C
16,87,B
71,90,A
91,60,A
28,65,B
35,44,C
30,54,B
30,60,B
10,43,C
73,46,B
76,72,A
96,13,B
91,70,A
75,18,B
70,76,A
68,84,A
73,76,A
37,73,B
90,31,B
55,89,A
100,75,A
49,25,C
58,27,B
32,64,B
83,42,B
53,20,C
60,62,B
38,91,B
49,48,B
47,31,C
64,68,B
100,97,A
24,31,C
93,62,A
30,10,C
99,62,A
44,98,A
63,55,B
42,26,C
51,50,B
30,40,C
14,46,C
44,65,B
32,85,B
70,48,B
92,83,A
61,98,A
51,47,B
85,86,A
38,71,B
82,82,A
45,67,B
62,14,C
23,58,B
23,63,B
39,74,B
70,89,A
76,95,A
15,50,C
70,56,B
99,66,A
72,33,B
92,66,A
14,48,C
77,68,A
59,30,B
21,54,C
17,78,B
31,29,C
37,81,B
60,92,A
92,64,A
75,71,A
69,80,A
10,23,C
35,80,B
33,19,C
80,91,A
44,14,C
79,88,A
13,28,C
26,14,C
26,44,C
62,95,A
45,45,B
24,99,B
27,21,C
25,82,B
47,58,B
25,81,B
29,71,B
100,25,B
58,13,C
72,39,B
86,55,A
79,22,B
93,69,A
35,17,C
37,39,C
13,69,B
23,92,B
95,93,A
57,42,B
36,69,B
97,61,A
96,98,A
68,52,B
23,26,C
88,45,B
15,92,B
12,42,C
57,28,B
63,32,B
19,27,C
35,73,B
44,17,C
15,76,B
27,90,B
79,53,B
46,13,C
51,56,B
37,25,C
16,55,C
71,67,B
98,27,B
45,35,B
17,32,C
46,84,B
61,48,B
83,84,A
20,92,B
42,27,C
43,49,B
30,100,B
61,17,C
14,58,C
49,80,B
28,49,C
82,70,A
47,77,B
18,40,C
12,37,C
33,11,C
24,56,B
54,87,A
56,11,C
57,87,A
22,73,B
60,26,B
94,43,B
30,78,B
70,44,B
18,60,C
19,91,B
74,81,A
90,85,A
49,81,B
12,69,B
17,50,C
10,27,C
97,44,A
29,77,B
31,69,B
51,82,B
94,13,B
22,90,B
32,32,C
41,29,C
68,19,B
36,35,C
46,16,C
45,43,B
12,77,B
57,17,C
74,35,B
94,27,B
51,14,C
33,74,B
45,70,B
28,17,C
43,94,B
55,78,B
86,66,A
52,72,B
16,82,B
72,40,B
22,16,C
69,24,B
100,95,A
66,72,B
100,59,A
80,20,B
56,92,A
69,52,B
47,37,B
38,15,C
97,60,A
85,32,B
31,42,C
50,98,A
31,48,C
61,16,C
79,18,B
82,70,A
48,17,C
85,24,B
29,68,B
17,23,C
31,69,B
86,85,A
84,46,B
49,61,B
54,86,A
81,11,B
12,65,C
84,33,B
58,68,B
83,68,A
47,43,B
37,86,B
14,42,C
73,61,B
37,67,B
49,42,B
77,50,B
63,99,A
93,52,A
37,18,C
11,96,B
39,75,B
80,94,A
91,84,A
42,85,B
13,39,C
70,32,B
50,78,B
36,10,C
51,99,A
97,47,A
53,23,C
73,36,B
69,30,B
48,75,B
55,91,A
90,84,A
66,91,A
14,10,C
57,97,A
57,55,B
17,81,B
88,81,A
28,41,C
48,55,B
79,23,B
27,41,C
61,27,B
59,56,B
97,79,A
54,36,B
79,70,A
27,86,B
88,77,A
36,68,B
78,96,A
70,92,A
12,64,C
87,68,A
57,46,B
45,11,C
71,88,A
52,46,B
72,17,B
60,64,B
30,24,C
27,53,B
54,82,B
94,71,A
100,100,A
93,24,B
33,11,C
51,19,C
56,98,A
76,79,A
53,78,B
19,27,C
41,41,B
25,69,B
38,78,B
24,79,B
36,27,C
54,81,B
83,71,A
20,50,C
53,79,B
87,39,B
43,68,B
52,96,A
72,34,B
75,66,A
78,100,A
34,96,B
61,20,B
37,33,C
87,79,A
66,75,A
68,25,B
71,73,A
50,78,B
46,14,C
17,25,C
70,83,A
53,77,B
96,74,A
34,72,B
29,53,B
84,92,A
84,68,A
15,54,C
70,74,A
82,98,A
55,57,B
43,82,B
48,31,C
31,13,C
91,66,A
27,71,B
15,30,C
48,62,B
40,67,B
30,76,B
19,67,B
90,61,A
86,25,B
63,14,C
56,29,B
23,94,B
100,42,A
78,38,B
24,20,C
72,48,B
87,40,B
42,56,B
15,39,C
72,62,B
29,99,B
72,23,B
49,20,C
26,82,B
61,100,A
29,72,B
25,40,C
28,40,C
95,33,B
57,82,B
60,12,C
35,100,B
62,64,B
30,10,C
76,88,A
53,86,B
73,48,B
94,63,A
76,62,B
45,36,B
40,90,B
70,44,B
36,98,B
59,31,B
47,96,A
76,60,B
18,10,C
92,36,B
30,22,C
95,80,A
94,19,B
51,56,B
36,86,B
18,97,B
33,94,B
29,59,B
80,48,B
86,83,A
97,88,A
94,28,B
12,45,C
42,22,C
46,29,C
78,67,A
42,89,B
16,75,B
52,82,B
68,95,A
16,91,B
26,86,B
68,47,B
17,88,B
38,11,C
35,33,C
91,17,B
43,20,C
43,12,C
42,83,B
33,18,C
39,92,B
77,13,B
37,49,B
10,45,C
91,73,A
81,56,B
76,98,A
29,39,C
25,100,B
36,42,C
27,74,B
29,71,B
77,74,A
19,50,C
21,36,C
28,16,C
100,82,A
96,84,A
67,70,B
21,36,C
100,53,A
84,67,A
44,67,B
15,26,C
58,32,B
90,11,B
75,63,B
69,65,B
52,59,B
11,35,C
13,60,C
48,51,B
71,30,B
37,99,B
70,71,A
92,20,B
94,88,A
96,33,B
91,68,A
92,46,B
51,55,B
79,39,B
18,10,C
19,53,C
73,56,B
91,59,A
88,94,A
65,15,B
43,23,C
93,46,B
42,83,B
78,24,B
77,62,B
75,25,B
87,22,B
33,75,B
88,14,B
43,35,C
10,65,C
90,35,B
84,11,B
98,35,B
30,59,B
38,30,C
51,50,B
57,41,B
41,71,B
55,42,B
86,11,B
94,68,A
34,20,C
75,74,A
35,74,B
26,85,B
20,98,B
91,20,B
75,16,B
76,12,B
52,59,B
40,16,C
23,55,C
20,24,C
58,38,B
96,71,A
87,59,A
62,59,B
66,28,B
85,81,A
60,43,B
65,77,A
88,84,A
66,33,B
100,71,A
24,66,B
80,97,A
60,64,B
64,53,B
67,17,B
60,77,B
13,50,C
78,20,B
83,61,A
65,73,B
91,99,A
72,61,B
13,89,B
58,50,B
86,91,A
35,88,B
23,38,C
81,89,A
32,80,B
67,14,B
15,24,C
24,57,B
37,40,C
55,73,B
73,68,A
97,94,A
69,41,B
29,52,B
22,81,B
83,27,B
57,65,B
94,88,A
75,55,B
87,83,A
98,22,B
87,44,B
78,46,B
50,82,B
88,98,A
20,45,C
55,26,B
68,62,B
38,63,B
39,57,B
85,31,B
89,38,B
81,68,A
24,49,C
17,51,C
28,79,B
47,89,B
40,73,B
95,68,A
65,21,B
19,69,B
97,89,A
21,60,B
20,79,B
16,49,C
96,19,B
87,95,A
64,54,B
30,43,C
43,20,C
34,56,B
21,59,B
52,70,B
76,57,B
15,60,C
58,46,B
92,35,B
14,100,B
55,76,B
73,36,B
54,41,B
28,37,C
36,99,B
67,98,A
54,80,B
24,98,B
19,79,B
46,91,B
91,95,A
76,43,B
34,30,C
90,81,A
65,20,B
33,61,B
92,50,A
52,16,C
18,21,C
37,86,B
25,62,B
100,54,A
61,92,A
18,42,C
54,90,A
39,54,B
62,88,A
60,16,C
93,32,B
42,88,B
70,93,A
94,71,A
34,55,B
36,37,C
84,72,A
49,64,B
56,47,B
52,46,B
34,52,B
16,97,B
26,32,C
97,28,B
17,72,B
94,91,A
61,43,B
11,66,C
92,48,A
26,79,B
36,48,B
56,92,A
44,98,A
46,54,B
47,85,B
87,67,A
37,90,B
21,42,C
48,28,C
47,77,B
80,91,A
69,11,B
71,71,A
81,37,B
25,81,B
12,86,B
83,39,B
85,72,A
46,28,C
73,38,B
11,50,C
78,10,B
81,78,A
44,22,C
38,11,C
77,44,B
98,13,B
76,84,A
11,28,C
41,65,B
19,52,C
51,92,A
23,75,B
16,52,C
27,37,C
56,60,B
43,24,C
19,55,C
38,77,B
54,51,B
50,47,B
80,85,A
47,95,A
36,68,B
15,86,B
63,15,C
24,97,B
63,61,B
43,54,B
31,98,B
36,77,B
100,12,B
24,50,C
48,35,B
95,75,A
62,27,B
20,52,C
28,19,C
15,71,B
67,37,B
95,60,A
95,59,A
33,35,C
82,77,A
54,77,B
52,15,C
31,63,B
26,47,C
23,50,C
30,80,B
25,49,C
40,63,B
54,72,B
17,62,C
76,21,B
43,21,C
47,34,B
93,25,B
78,43,B
85,16,B
63,12,C
15,89,B
49,62,B
38,82,B
43,46,B
58,11,C
41,44,B
57,91,A
18,13,C
10,10,C
58,85,A
81,93,A
100,94,A
90,79,A
50,26,C
16,51,C
65,64,B
22,21,C
99,66,A
56,99,A
47,85,B
31,59,B
51,14,C
71,38,B
17,26,C
90,99,A
90,54,A
10,55,C
64,77,A
74,23,B
18,41,C
50,32,B
40,31,C
59,41,B
93,44,B
30,37,C
34,53,B
12,89,B
18,32,C
21,94,B
90,69,A
61,65,B
69,21,B
14,84,B
92,46,B
24,41,C
30,22,C
47,57,B
62,58,B
27,42,C
17,81,B
63,90,A
53,65,B
75,13,B
65,94,A
79,95,A
25,21,C
86,90,A
40,96,B
63,33,B
37,44,B
70,54,B
60,47,B
59,77,B
33,38,C
89,72,A
85,36,B
61,62,B
88,14,B
98,45,A
26,35,C
27,38,C
42,54,B
82,28,B
65,10,C
15,45,C
26,57,B
64,49,B
43,49,B
83,33,B
53,36,B
21,44,C
30,12,C
49,96,A
55,85,A
40,70,B
96,63,A
33,71,B
58,61,B
11,96,B
88,10,B
91,91,A
18,25,C
96,12,B
36,10,C
53,28,B
61,90,A
99,15,B
100,37,B
88,15,B
39,57,B
73,92,A
47,60,B
55,29,B
76,76,A
75,93,A
25,34,C
88,15,B
100,47,A
58,48,B
88,86,A
40,89,B
60,88,A
40,36,C
35,89,B
73,79,A
78,65,A
50,55,B
25,41,C
43,32,C
98,70,A
36,98,B
59,16,C
41,46,B
74,68,A
28,71,B
26,31,C
48,29,C
59,79,B
98,96,A
91,71,A
73,13,B
80,50,B
39,70,B
74,49,B
17,19,C
17,11,C
30,32,C
82,39,B
68,59,B
56,97,A
28,24,C
96,92,A
86,57,A
99,56,A
32,83,B
12,97,B
67,69,B
54,64,B
60,97,A
100,32,B
52,60,B
87,97,A
55,69,B
65,52,B
33,54,B
60,68,B
83,93,A
26,18,C
12,56,C
86,39,B
76,24,B
46,72,B
16,96,B
73,88,A
13,95,B
90,22,B
68,48,B
36,28,C
80,63,A
98,66,A
100,35,B
17,59,C
45,90,B
12,79,B
23,41,C
81,74,A
79,84,A
17,76,B
78,76,A
53,20,C
48,18,C
60,19,C
78,92,A
87,36,B
22,15,C
67,23,B
63,85,A
96,60,A
36,94,B
24,43,C
15,52,C
95,82,A
96,67,A
82,34,B
35,42,C
31,95,B
27,91,B
36,91,B
15,63,C
74,30,B
33,65,B
37,59,B
26,95,B
92,55,A
39,79,B
37,38,C
86,77,A
61,50,B
16,100,B
34,13,C
11,37,C
42,64,B
30,88,B
100,83,A
27,65,B
76,98,A
88,46,B
84,27,B
48,67,B
51,44,B
88,64,A
41,57,B
47,59,B
88,100,A
50,14,C
48,90,B
58,71,B
81,95,A
14,11,C
34,38,C
86,13,B
82,26,B
83,71,A
47,68,B
96,97,A
59,61,B
29,93,B
87,17,B
14,34,C
97,50,A
58,90,A
47,42,B
77,65,A
80,61,A
28,52,B
82,52,B
76,22,B
19,81,B
99,54,A
32,86,B
39,76,B
27,52,C
48,71,B
55,48,B
20,29,C
66,12,C
53,61,B
16,89,B
74,93,A
69,12,B
37,71,B
29,53,B
57,70,B
54,64,B
33,71,B
59,17,C
16,24,C
48,70,B
56,27,B
85,22,B
85,13,B
60,86,A
28,45,C
21,79,B
54,44,B
88,63,A
10,39,C
83,76,A
86,57,A
50,62,B
31,23,C
90,63,A
66,34,B
65,96,A
94,59,A
63,79,A
98,16,B
95,80,A
51,14,C
24,96,B
67,94,A
71,96,A
67,12,C
71,91,A
56,60,B
89,74,A
89,77,A
78,11,B
21,43,C
87,39,B
79,73,A
93,28,B
81,24,B
26,14,C
79,32,B
29,89,B
54,96,A
68,73,A
58,84,A
47,65,B
85,63,A
43,36,C
41,10,C
72,85,A
72,95,A
14,24,C
26,96,B
30,22,C
98,81,A
90,36,B
75,24,B
92,62,A
51,78,B
38,94,B
76,97,A
10,12,C
100,89,A
22,19,C
89,55,A
11,11,C
68,92,A
11,15,C
66,33,B
43,39,B
93,100,A
55,25,B
20,12,C
71,22,B
80,66,A
79,81,A
14,65,C
74,95,A
72,64,B
78,54,B
82,75,A
64,61,B
12,40,C
75,74,A
29,56,B
11,39,C
42,62,B
61,77,B
89,27,B
11,11,C
53,54,B
40,61,B
29,88,B
51,32,B
96,67,A
97,38,B
30,26,C
83,85,A
45,78,B
60,38,B
98,16,B
83,10,B
28,22,C
42,25,C
29,35,C
32,95,B
48,61,B
64,15,C
47,71,B
30,31,C
92,38,B
16,27,C
14,37,C
56,18,C
89,46,B
74,18,B
36,57,B
100,84,A
54,80,B
99,97,A
82,83,A
72,44,B
62,23,B
27,85,B
21,62,B
52,11,C
47,56,B
30,27,C
44,56,B
80,29,B
51,100,A
52,15,C
44,52,B
53,52,B
63,48,B
22,26,C
23,75,B
33,47,B
52,27,C
34,36,C
78,44,B
47,88,B
53,48,B
13,48,C
19,45,C
95,80,A
62,90,A
48,53,B
46,29,C
36,14,C
76,14,B
84,76,A
29,39,C
84,52,B
13,80,B
92,97,A
76,17,B
74,31,B
40,41,B
64,41,B
43,36,C
31,85,B
23,46,C
99,21,B
60,77,B
54,88,A
17,47,C
32,69,B
79,62,A
38,69,B
24,21,C
85,33,B
87,37,B
58,37,B
94,30,B
81,99,A
87,57,A
46,88,B
62,69,B
82,36,B
49,70,B
33,10,C
70,60,B
80,57,B
32,11,C
24,81,B
14,74,B
75,23,B
31,100,B
73,98,A
63,12,C
83,43,B
63,21,B
45,22,C
77,43,B
34,90,B
68,51,B
88,28,B
24,33,C
96,18,B
42,92,B
57,98,A
71,42,B
79,99,A
20,89,B
15,77,B
49,16,C
38,60,B
15,100,B
93,56,A
89,77,A
80,91,A
80,94,A
38,16,C
15,56,C
69,79,A
80,63,A
96,50,A
25,63,B
20,87,B
70,72,A
81,88,A
31,74,B
72,39,B
20,99,B
86,35,B
46,71,B
59,89,A
44,29,C
61,68,B
17,73,B
16,83,B
36,30,C
93,41,B
88,89,A
71,35,B
92,60,A
36,64,B
62,21,B
79,59,B
41,39,B
33,27,C
74,13,B
39,100,B
50,45,B
41,100,A
49,51,B
95,25,B
59,68,B
18,64,B
83,10,B
76,80,A
45,65,B
36,10,C
71,47,B
72,18,B
46,67,B
39,23,C
65,28,B
47,80,B
86,13,B
91,61,A
40,95,B
98,34,B
79,95,A
73,27,B
23,25,C
65,17,B
19,85,B
51,81,B
55,21,C
94,32,B
16,25,C
68,12,B
38,70,B
84,85,A
50,55,B
64,57,B
96,17,B
30,95,B
24,62,B
63,84,A
15,84,B
44,59,B
86,78,A
26,26,C
85,84,A
80,87,A
28,21,C
39,33,C
91,22,B
92,11,B
81,40,B
50,11,C
28,65,B
65,60,B
58,73,B
33,79,B
37,37,C
23,85,B
35,69,B
51,38,B
27,84,B
18,90,B
46,79,B
26,72,B
51,17,C
29,76,B
82,42,B
69,48,B
10,68,C
22,81,B
66,50,B
83,40,B
40,78,B
27,64,B
83,43,B
76,91,A
36,23,C
45,70,B
45,49,B
53,98,A
27,25,C
23,56,C
10,75,B
55,16,C
21,70,B
83,32,B
30,61,B
10,24,C
99,83,A
81,45,B
64,77,A
84,87,A
62,10,C
80,18,B
13,48,C
26,11,C
65,18,B
33,40,C
99,38,B
23,92,B
16,14,C
12,45,C
72,33,B
48,70,B
11,75,B
74,84,A
69,27,B
30,94,B
40,58,B
23,94,B
54,84,B
46,59,B
35,62,B
13,72,B
61,95,A
38,36,C
30,33,C
77,62,B
27,94,B
74,41,B
26,48,C
36,42,C
60,64,B
80,71,A
61,83,A
50,97,A
63,25,B
96,15,B
85,96,A
59,30,B
77,14,B
44,78,B
14,91,B
78,85,A
82,61,A
75,60,B
52,78,B
99,55,A
60,67,B
63,15,C
73,37,B
45,39,B
46,75,B
60,39,B
61,64,B
41,34,C
38,92,B
60,44,B
15,87,B
89,62,A
67,16,B
92,87,A
10,100,B
94,99,A
67,25,B
35,50,B
62,38,B
67,20,B
11,70,B
85,68,A
17,49,C
89,73,A
84,41,B
94,67,A
61,79,A
86,67,A
34,39,C
29,56,B
97,48,A
87,42,B
78,23,B
64,80,A
11,33,C
29,94,B
78,28,B
29,45,C
98,63,A
94,40,B
75,69,A
66,52,B
21,37,C
45,48,B
16,55,C
86,25,B
62,73,B
41,50,B
87,69,A
82,38,B
29,59,B
20,65,B
47,22,C
45,18,C
24,75,B
73,30,B
64,47,B
65,16,B
85,93,A
93,12,B
46,35,B
21,32,C
51,36,B
18,12,C
42,33,C
82,24,B
61,93,A
76,27,B
88,25,B
35,70,B
34,16,C
39,13,C
23,41,C
65,10,C
24,80,B
43,37,B
34,93,B
65,60,B
74,33,B
58,75,B
67,98,A
88,90,A
47,68,B
100,48,A
78,89,A
21,74,B
56,38,B
82,74,A
97,50,A
88,44,B
51,27,C
98,22,B
92,54,A
15,41,C
73,81,A
55,39,B
16,79,B
22,42,C
78,24,B
47,37,B
38,57,B
37,10,C
24,29,C
23,82,B
15,88,B
75,69,A
70,99,A
53,96,A
71,81,A
67,14,B
73,40,B
50,87,B
52,88,A
59,65,B
50,48,B
73,17,B
72,15,B
36,52,B
31,36,C
81,42,B
20,77,B
44,32,C
72,45,B
62,36,B
52,29,B
52,34,B
65,93,A
76,54,B
75,99,A
16,84,B
19,90,B
30,90,B
48,38,B
59,74,B
17,13,C
16,11,C
59,83,A
23,35,C
31,30,C
47,71,B
33,14,C
34,90,B
93,89,A
17,21,C
43,18,C
100,19,B
96,63,A
57,27,B
32,93,B
22,26,C
100,54,A
39,55,B
82,97,A
74,95,A
32,67,B
65,53,B
81,99,A
86,86,A
44,95,B
55,62,B
100,93,A
56,66,B
25,71,B
91,34,B
13,86,B
47,41,B
26,19,C
27,70,B
24,96,B
27,41,C
79,69,A
22,33,C
96,68,A
33,16,C
23,17,C
12,73,B
15,71,B
35,95,B
44,32,C
49,94,A
98,22,B
20,76,B
58,38,B
95,80,A
86,11,B
82,69,A
68,99,A
69,31,B
85,23,B
87,67,A
40,58,B
87,21,B
98,91,A
17,97,B
74,17,B
80,46,B
88,39,B
20,91,B
88,95,A
53,11,C
12,79,B
71,19,B
65,89,A
27,35,C
58,69,B
99,31,B
93,40,B
38,50,B
32,28,C
20,35,C
99,47,A
73,45,B
59,22,B
12,29,C
57,68,B
14,17,C
12,43,C
96,34,B
60,68,B
34,50,B
12,62,C
61,47,B
25,42,C
31,86,B
34,31,C
22,93,B
49,48,B
38,24,C
87,70,A
29,37,C
42,35,C
42,54,B
65,11,C
78,25,B
44,79,B
40,50,B
85,64,A
87,80,A
56,66,B
30,72,B
71,87,A
74,97,A
21,95,B
54,83,B
10,12,C
51,55,B
61,76,B
43,22,C
12,37,C
81,81,A
64,95,A
39,58,B
57,67,B
48,40,B
65,50,B
50,88,B
13,18,C
84,38,B
91,31,B
61,87,A
35,38,C
69,53,B
96,44,A
53,76,B
50,91,A
78,27,B
47,45,B
21,57,C
90,19,B
20,37,C
73,45,B
66,26,B
32,36,C
95,46,A
50,36,B
26,98,B
69,53,B
25,73,B
74,32,B
88,24,B
98,29,B
70,38,B
82,46,B
23,93,B
40,50,B
44,65,B
79,51,B
45,17,C
57,80,B
55,49,B
21,98,B
97,99,A
64,64,B
77,62,B
60,31,B
13,82,B
59,59,B
100,10,B
54,58,B
74,28,B
11,38,C
79,28,B
25,18,C
18,17,C
50,47,B
86,11,B
46,61,B
44,42,B
96,88,A
62,87,A
91,35,B
92,19,B
41,71,B
72,53,B
23,59,B
52,64,B
79,42,B
95,92,A
75,81,A
60,90,A
26,68,B
98,77,A
15,84,B
57,40,B
21,89,B
33,64,B
81,48,B
39,24,C
35,30,C
92,43,B
27,16,C
25,56,B
73,33,B
83,36,B
23,90,B
100,100,A
47,10,C
37,97,B
10,60,C
41,45,B
91,100,A
14,12,C
64,59,B
79,53,B
26,24,C
82,38,B
85,64,A
55,33,B
43,29,C
66,43,B
40,85,B
91,72,A
15,24,C
19,84,B
59,58,B
20,56,C
35,34,C
74,81,A
92,69,A
62,41,B
80,41,B
20,94,B
54,33,B
15,13,C
17,37,C
34,41,C
47,27,C
34,15,C
79,20,B
88,27,B
33,57,B
21,38,C
52,68,B
23,79,B
87,75,A
96,63,A
68,80,A
52,99,A
64,27,B
13,15,C
64,81,A
95,92,A
74,37,B
14,29,C
69,13,B
89,73,A
95,36,B
31,10,C
42,93,B
12,48,C
53,81,B
83,26,B
56,31,B
67,30,B
56,20,C
45,56,B
95,44,B
35,35,C
14,22,C
100,71,A
95,39,B
61,12,C
16,12,C
34,79,B
48,68,B
42,93,B
63,95,A
18,52,C
24,85,B
90,73,A
41,96,B
87,40,B
25,61,B
58,37,B
40,23,C
41,76,B
83,80,A
41,58,B
49,90,B
63,22,B
90,80,A
59,40,B
90,48,B
44,94,B
24,96,B
32,87,B
48,30,C
89,71,A
70,72,A
55,75,B
77,79,A
34,37,C
91,15,B
10,90,B
70,76,A
70,46,B
54,96,A
44,97,A
97,31,B
67,63,B
21,54,C
96,40,B
45,33,C
61,56,B
10,59,C
37,78,B
16,10,C
90,34,B
68,59,B
71,15,B
100,97,A
14,37,C
72,64,B
69,91,A
88,22,B
95,57,A
36,47,B
100,58,A
76,93,A
57,48,B
35,71,B
60,18,C
76,32,B
28,38,C
48,44,B
51,83,B
27,94,B
48,97,A
61,27,B
69,62,B
65,71,B
37,99,B
82,42,B
88,22,B
11,73,B
85,78,A
19,29,C
73,95,A
42,43,B
24,10,C
74,27,B
77,17,B
58,81,B
76,48,B
27,73,B
88,35,B
23,51,C
29,56,B
46,82,B
82,46,B
17,18,C
52,86,B
45,97,A
100,97,A
31,56,B
34,20,C
25,13,C
72,22,B
68,62,B
96,70,A
25,24,C
86,57,A
35,61,B
19,29,C
28,15,C
82,66,A
17,71,B
72,91,A
63,23,B
10,23,C
38,54,B
33,79,B
38,98,B
54,90,A
69,10,C
75,85,A
23,90,B
43,99,A
52,68,B
57,44,B
77,11,B
86,45,B
27,100,B
70,15,B
23,47,C
46,100,A
16,93,B
18,58,C
16,10,C
68,83,A
91,45,B
82,90,A
81,21,B
33,93,B
28,67,B
31,19,C
30,35,C
11,91,B
36,48,B
52,20,C
21,34,C
48,62,B
81,68,A
86,69,A
26,82,B
12,32,C
56,26,B
17,42,C
76,68,A
80,17,B
86,74,A
79,86,A
93,86,A
28,100,B
27,38,C
28,35,C
75,23,B
19,15,C
100,46,A
43,16,C
15,24,C
51,19,C
12,14,C
68,20,B
31,15,C
36,75,B
23,71,B
17,93,B
28,11,C
25,20,C
37,37,C
25,46,C
92,58,A
70,34,B
99,10,B
80,33,B
86,55,A
28,16,C
10,76,B
56,36,B
39,100,B
41,92,B
88,24,B
12,71,B
64,87,A
51,80,B
10,74,B
58,38,B
37,57,B
67,29,B
56,26,B
63,11,C
94,63,A
16,41,C
58,95,A
42,84,B
11,22,C
100,55,A
37,69,B
11,87,B
98,78,A
79,51,B
52,17,C
87,61,A
62,88,A
73,50,B
93,39,B
12,89,B
30,18,C
69,60,B
57,77,B
63,79,A
56,85,A
92,18,B
28,79,B
99,11,B
61,76,B
56,72,B
70,88,A
95,82,A
74,89,A
60,37,B
92,10,B
48,58,B
11,12,C
27,12,C
34,15,C
94,55,A
94,78,A
54,67,B
71,99,A
27,19,C
69,18,B
47,20,C
100,19,B
14,30,C
66,51,B
14,93,B
56,23,C
47,33,B
72,61,B
90,90,A
81,60,A
88,39,B
47,87,B
86,63,A
31,33,C
35,30,C
94,64,A
50,34,B
85,48,B
70,90,A
90,100,A
35,56,B
27,69,B
62,23,B
10,55,C
62,90,A
32,57,B
80,16,B
34,40,C
17,69,B
38,81,B
24,37,C
69,11,B
65,18,B
51,51,B
64,40,B
80,94,A
86,46,B
97,45,A
39,52,B
90,16,B
13,99,B
44,67,B
45,85,B
100,19,B
19,39,C
11,73,B
41,12,C
14,84,B
35,44,C
89,41,B
13,33,C
95,93,A
99,29,B
12,35,C
80,27,B
76,34,B
17,32,C
25,24,C
10,34,C
65,34,B
99,72,A
76,89,A
39,98,B
72,25,B
78,82,A
45,87,B
96,75,A
79,77,A
49,65,B
44,90,B
15,48,C
83,54,B
60,10,C
89,43,B
100,21,B
19,28,C
84,50,B
39,65,B
29,57,B
94,62,A
64,64,B
69,29,B
96,86,A
90,91,A
43,26,C
92,49,A
33,20,C
57,42,B
62,53,B
71,31,B
27,14,C
35,28,C
40,62,B
37,62,B
52,61,B
60,100,A
98,45,A
68,22,B
85,85,A
73,100,A
38,57,B
99,36,B
81,44,B
68,54,B
64,75,B
19,51,C
42,12,C
51,30,B
41,96,B
69,39,B
24,44,C
45,35,B
54,14,C
11,54,C
99,23,B
100,31,B
20,79,B
22,63,B
53,28,B
86,87,A
51,88,B
57,34,B
11,88,B
70,11,B
36,53,B
29,73,B
86,83,A
75,35,B
58,90,A
100,62,A
50,17,C
23,79,B
94,99,A
77,58,B
54,51,B
12,53,C
64,18,B
17,60,C
71,73,A
33,20,C
100,61,A
90,98,A
63,28,B
82,38,B
84,45,B
49,40,B
29,92,B
58,73,B
64,63,B
37,89,B
50,32,B
25,72,B
58,68,B
79,91,A
58,56,B
26,29,C
50,59,B
44,50,B
79,63,A
84,25,B
76,91,A
50,31,B
36,62,B
72,64,B
72,32,B
92,31,B
14,100,B
32,18,C
95,76,A
47,15,C
15,38,C
48,61,B
69,24,B
36,76,B
66,15,B
68,73,A
77,11,B
43,83,B
89,11,B
77,95,A
34,40,C
83,11,B
75,39,B
54,52,B
46,31,C
55,67,B
49,57,B
23,68,B
52,66,B
27,25,C
79,79,A
51,41,B
98,26,B
32,78,B
51,38,B
52,80,B
83,59,A
64,71,B
21,18,C
92,16,B
55,96,A
32,67,B
12,87,B
42,26,C
27,25,C
80,23,B
64,39,B
65,94,A
77,50,B
95,27,B
36,85,B
26,47,C
11,40,C
68,87,A
46,52,B
13,92,B
72,31,B
90,78,A
59,57,B
14,77,B
30,26,C
75,38,B
96,89,A
76,91,A
39,18,C
76,43,B
55,70,B
11,47,C
55,64,B
58,52,B
33,89,B
59,98,A
39,27,C
90,52,A
98,69,A
18,60,C
38,59,B
56,71,B
29,23,C
91,38,B
93,68,A
31,56,B
46,99,A
94,68,A
27,72,B
16,20,C
73,88,A
62,73,B
37,17,C
44,54,B
18,24,C
64,51,B
43,99,A
74,58,B
91,69,A
100,21,B
88,74,A
40,66,B
96,40,B
10,63,C
97,64,A
80,86,A
46,67,B
76,69,A
25,19,C
28,53,B
69,44,B
83,38,B
63,66,B
48,93,A
43,72,B
33,82,B
34,56,B
80,69,A
71,58,B
44,67,B
63,12,C
43,91,B
26,62,B
49,67,B
89,58,A
26,76,B
93,83,A
49,25,C
88,46,B
66,74,A
44,99,A
23,50,C
39,14,C
60,19,C
59,85,A
92,81,A
68,50,B
54,95,A
74,19,B
89,21,B
24,36,C
35,12,C
48,49,B
29,100,B
67,55,B
80,53,B
76,35,B
68,67,B
45,66,B
27,79,B
74,89,A
29,22,C
44,95,B
35,27,C
93,67,A
60,57,B
83,72,A
36,22,C
27,63,B
50,74,B
94,55,A
45,47,B
14,35,C
67,39,B
57,25,B
40,35,C
74,69,A
40,23,C
33,22,C
33,97,B
53,10,C
24,44,C
25,57,B
68,85,A
74,83,A
27,68,B
78,83,A
44,48,B
42,70,B
66,43,B
78,59,B
13,97,B
86,40,B
28,77,B
85,55,A
79,72,A
14,91,B
16,11,C
18,48,C
27,91,B
93,73,A
84,18,B
47,28,C
42,89,B
20,20,C
100,58,A
29,94,B
49,27,C
87,29,B
73,65,B
47,81,B
46,69,B
10,12,C
36,58,B
31,25,C
24,44,C
28,53,B
64,85,A
28,97,B
53,49,B
23,48,C
13,36,C
34,52,B
40,58,B
37,85,B
93,54,A
48,97,A
99,86,A
97,81,A
16,82,B
99,69,A
41,27,C
55,14,C
86,60,A
86,64,A
21,49,C
84,97,A
11,96,B
48,43,B
39,78,B
13,63,C
44,93,B
39,96,B
38,74,B
12,50,C
91,11,B
40,36,C
37,71,B
58,18,C
48,19,C
73,47,B
45,77,B
15,85,B
47,38,B
71,74,A
79,60,B
28,91,B
41,90,B
78,37,B
37,35,C
90,32,B
43,94,B
32,70,B
81,14,B
82,62,A
52,93,A
29,76,B
77,58,B
98,75,A
25,58,B
10,53,C
44,23,C
17,87,B
83,67,A
41,21,C
69,37,B
33,58,B
18,28,C
49,45,B
54,81,B
55,95,A
65,49,B
63,52,B
34,84,B
44,44,B
39,63,B
75,47,B
100,84,A
81,19,B
24,44,C
27,92,B
95,18,B
21,30,C
47,99,A
46,16,C
40,62,B
25,21,C
85,20,B
92,39,B
62,86,A
10,36,C
96,47,A
44,44,B
35,84,B
84,55,B
97,35,B
50,74,B
33,40,C
38,47,B
15,86,B
98,83,A
36,67,B
60,63,B
23,87,B
30,77,B
41,49,B
94,29,B
12,32,C
24,41,C
66,92,A
34,37,C
50,32,B
51,74,B
63,27,B
97,36,B
18,89,B
27,72,B
36,83,B
72,36,B
73,100,A
88,23,B
82,73,A
47,18,C
18,38,C
37,92,B
85,15,B
47,98,A
61,70,B
40,76,B
51,65,B
61,43,B
74,20,B
42,94,B
90,29,B
15,69,B
21,91,B
33,43,C
84,20,B
45,80,B
42,15,C
70,89,A
54,69,B
49,17,C
68,80,A
82,100,A
22,49,C
96,58,A
64,99,A
48,89,B
99,31,B
96,82,A
33,43,C
43,86,B
87,76,A
33,92,B
67,22,B
30,54,B
11,14,C
35,56,B
24,22,C
30,91,B
30,72,B
44,35,C
46,25,C
64,45,B
79,66,A
60,31,B
95,93,A
74,82,A
28,39,C
54,18,C
29,83,B
65,10,C
17,70,B
97,92,A
45,10,C
37,43,B
32,32,C
63,40,B
51,100,A
45,55,B
82,75,A
43,11,C
88,60,A
57,86,A
22,31,C
65,97,A
43,42,B
35,18,C
69,60,B
54,80,B
81,29,B
82,17,B
62,17,C
99,95,A
86,12,B
40,54,B
90,83,A
67,13,B
51,21,C
17,79,B
58,50,B
91,19,B
22,74,B
25,43,C
31,11,C
49,15,C
52,84,B
20,51,C
63,51,B
86,12,B
27,39,C
57,82,B
15,95,B
76,60,B
75,23,B
92,98,A
10,35,C
68,12,B
44,34,C
20,95,B
40,80,B
28,85,B
25,58,B
66,80,A
59,95,A
40,40,B
10,93,B
91,76,A
62,17,C
80,50,B
90,36,B
44,53,B
77,80,A
56,36,B
66,31,B
58,29,B
20,50,C
85,28,B
15,64,C
52,43,B
11,71,B
45,63,B
96,17,B
25,35,C
64,51,B
17,66,B
80,89,A
82,10,B
74,11,B
36,44,B
54,85,B
74,95,A
53,87,A
33,55,B
34,18,C
17,86,B
37,42,C
27,80,B
48,98,A
63,38,B
51,22,C
87,95,A
31,41,C
76,23,B
11,49,C
75,82,A
82,58,A
10,74,B
62,51,B
73,54,B
81,33,B
33,57,B
76,92,A
81,43,B
54,49,B
22,82,B
97,24,B
23,62,B
74,88,A
71,40,B
91,10,B
19,29,C
95,73,A
72,68,A
17,45,C
90,27,B
34,82,B
56,68,B
72,15,B
28,18,C
39,80,B
96,11,B
22,59,B
65,28,B
72,46,B
19,62,B
95,63,A
61,67,B
20,47,C
26,86,B
78,25,B
74,69,A
99,97,A
77,42,B
30,81,B
60,50,B
80,76,A
36,87,B
31,53,B
69,20,B
38,58,B
49,45,B
84,30,B
18,57,C
78,60,B
93,20,B
37,83,B
95,24,B
31,54,B
19,84,B
80,50,B
61,96,A
94,69,A
52,66,B
59,32,B
76,39,B
59,63,B
46,99,A
39,28,C
91,67,A
86,27,B
20,28,C
89,85,A
65,55,B
96,90,A
78,81,A
16,34,C
47,84,B
29,42,C
66,70,B
77,90,A
76,41,B
67,10,C
80,87,A
98,36,B
50,63,B
95,49,A
57,63,B
55,71,B
24,66,B
34,75,B
43,50,B
19,94,B
78,50,B
26,92,B
66,13,C
73,32,B
35,51,B
91,10,B
24,35,C
13,33,C
58,57,B
67,54,B
32,64,B
90,90,A
75,42,B
36,53,B
37,48,B
98,88,A
85,51,B
31,51,B
19,70,B
41,54,B
43,38,B
16,20,C
91,41,B
47,98,A
92,56,A
55,80,B
28,23,C
23,96,B
95,20,B
52,81,B
14,39,C
12,63,C
16,84,B
18,79,B
80,36,B
30,31,C
16,10,C
58,81,B
48,49,B
14,84,B
44,84,B
83,80,A
78,61,B
43,72,B
15,16,C
89,53,A
12,45,C
16,97,B
59,57,B
54,50,B
21,25,C
55,96,A
85,96,A
35,68,B
50,50,B
52,99,A
89,98,A
32,61,B
28,84,B
40,80,B
15,15,C
36,65,B
68,10,C
66,94,A
27,81,B
33,43,C
10,76,B
35,11,C
26,54,B
43,22,C
75,78,A
57,89,A
15,67,B
85,24,B
97,20,B
95,32,B
85,52,B
95,84,A
46,59,B
96,73,A
36,17,C
24,57,B
30,44,C
44,32,C
13,90,B
47,28,C
65,84,A
44,32,C
40,37,C
76,23,B
68,45,B
51,68,B
33,10,C
24,18,C
89,27,B
55,23,C
95,83,A
88,64,A
47,81,B
13,14,C
10,53,C
52,22,C
93,76,A
96,47,A
28,90,B
40,54,B
62,45,B
92,42,B
59,57,B
33,58,B
28,33,C
76,92,A
79,49,B
63,80,A
43,98,A
58,58,B
90,66,A
70,13,B
39,69,B
42,11,C
72,97,A
34,35,C
50,97,A
34,40,C
33,32,C
26,95,B
60,57,B
57,82,B
79,76,A
68,30,B
61,63,B
84,16,B
89,82,A
66,18,B
97,20,B
64,42,B
85,22,B
13,58,C
42,93,B
81,92,A
28,70,B
52,73,B
74,30,B
33,88,B
88,50,B
71,59,B
36,80,B
94,12,B
88,52,A
42,91,B
41,49,B
75,55,B
76,69,A
99,99,A
76,79,A
59,60,B
56,34,B
61,24,B
22,93,B
84,42,B
19,70,B
43,28,C
57,69,B
23,76,B
94,96,A
30,85,B
35,14,C
81,55,B
53,10,C
100,10,B
74,65,B
64,22,B
73,20,B
20,52,C
33,94,B
17,48,C
53,72,B
13,75,B
12,14,C
61,64,B
64,37,B
50,31,B
75,59,B
62,50,B
12,14,C
78,60,B
34,20,C
52,46,B
32,96,B
21,80,B
51,19,C
58,24,B
84,88,A
78,35,B
69,51,B
28,54,B
52,39,B
96,42,B
41,31,C
24,30,C
75,44,B
15,29,C
26,47,C
99,80,A
82,74,A
63,12,C
80,76,A
33,21,C
68,83,A
68,57,B
89,31,B
63,82,A
95,65,A
61,99,A
31,86,B
78,40,B
69,17,B
64,62,B
83,37,B
67,69,B
80,65,A
89,45,B
89,73,A
71,24,B
19,37,C
77,96,A
63,71,B
56,44,B
68,94,A
46,71,B
29,37,C
61,21,B
61,43,B
49,75,B
22,71,B
88,65,A
59,33,B
17,68,B
93,52,A
91,72,A
87,44,B
63,49,B
32,82,B
76,67,A
22,55,C
75,44,B
21,63,B
82,61,A
36,36,C
16,93,B
50,16,C
34,15,C
92,86,A
38,72,B
100,84,A
51,66,B
33,98,B
74,17,B
32,98,B
23,52,C
66,49,B
26,14,C
88,67,A
23,41,C
75,21,B
82,66,A
38,58,B
19,20,C
68,58,B
41,80,B
74,32,B
44,19,C
91,80,A
73,56,B
99,31,B
71,76,A
56,93,A
11,51,C
50,41,B
32,46,C
82,22,B
67,88,A
32,63,B
19,82,B
51,33,B
13,25,C
74,85,A
90,15,B
58,77,B
23,82,B
49,16,C
57,86,A
45,26,C
22,57,C
74,41,B
75,82,A
38,93,B
64,40,B
21,46,C
73,10,B
78,80,A
37,17,C
45,51,B
55,74,B
68,86,A
66,18,B
11,96,B
90,82,A
49,51,B
82,70,A
34,59,B
13,75,B
77,49,B
58,83,A
17,90,B
61,87,A
54,18,C
37,59,B
100,27,B
91,40,B
23,22,C
13,36,C
65,23,B
78,32,B
59,34,B
53,13,C
76,25,B
99,25,B
61,77,B
11,23,C
91,26,B
20,71,B
97,48,A
33,15,C
59,44,B
74,70,A
29,24,C
64,20,B
37,11,C
81,10,B
35,54,B
64,36,B
47,18,C
92,23,B
27,32,C
10,59,C
21,94,B
54,37,B
14,15,C
41,88,B
37,23,C
80,38,B
43,76,B
60,34,B
93,82,A
29,10,C
67,98,A
54,39,B
97,45,A
94,96,A
96,55,A
78,81,A
83,11,B
77,71,A
16,82,B
44,32,C
23,49,C
91,98,A
28,82,B
87,94,A
55,18,C
97,16,B
54,45,B
70,24,B
53,39,B
19,69,B
21,44,C
70,84,A
82,68,A
90,31,B
52,12,C
57,37,B
33,95,B
53,29,B
73,60,B
32,89,B
69,39,B
19,41,C
41,49,B
57,95,A
12,47,C
53,47,B
41,36,C
19,98,B
59,26,B
70,91,A
86,31,B
39,94,B
61,23,B
24,55,C
83,15,B
39,33,C
83,89,A
96,38,B
96,13,B
69,13,B
17,35,C
84,93,A
74,67,A
13,51,C
88,56,A
76,15,B
22,78,B
52,25,C
19,90,B
45,88,B
78,26,B
75,42,B
69,79,A
44,87,B
95,36,B
45,14,C
44,89,B
78,84,A
22,16,C
78,78,A
86,12,B
83,12,B
61,81,A
80,57,B
96,98,A
30,38,C
43,95,B
52,53,B
91,73,A
54,50,B
96,49,A
29,61,B
23,99,B
49,73,B
17,12,C
24,53,C
82,25,B
51,53,B
78,21,B
55,55,B
53,68,B
93,10,B
39,98,B
91,12,B
41,63,B
38,43,B
30,94,B
87,53,A
78,30,B
68,33,B
54,71,B
66,95,A
19,15,C
69,46,B
72,34,B
41,36,C
32,17,C
72,26,B
95,57,A
90,20,B
12,65,C
98,39,B
73,45,B
98,78,A
38,43,B
88,23,B
76,88,A
84,67,A
60,26,B
31,41,C
14,49,C
16,82,B
45,14,C
81,70,A
42,31,C
41,37,C
87,97,A
90,47,B
76,16,B
21,96,B
76,52,B
84,19,B
86,24,B
77,96,A
55,27,B
64,91,A
70,54,B
68,24,B
56,41,B
88,46,B
43,21,C
33,78,B
75,67,A
85,98,A
99,46,A
39,22,C
31,77,B
85,55,A
47,92,B
14,51,C
74,50,B
87,22,B
27,67,B
41,47,B
88,46,B
67,35,B
92,68,A
44,34,C
84,29,B
86,43,B
91,33,B
96,38,B
45,53,B
16,23,C
33,63,B
15,87,B
86,22,B
45,13,C
74,21,B
45,16,C
25,63,B
47,34,B
19,34,C
98,45,A
19,97,B
88,48,B
82,69,A
15,12,C
63,59,B
73,87,A
95,55,A
52,41,B
11,74,B
35,65,B
89,98,A
26,54,B
63,23,B
23,60,B
77,35,B
69,79,A
16,81,B
98,86,A
99,22,B
71,65,B
68,63,B
90,59,A
49,19,C
21,26,C
15,24,C
75,97,A
18,53,C
72,36,B
36,11,C
18,66,B
43,35,C
71,34,B
83,57,A
60,62,B
39,41,B
56,65,B
60,71,B
92,77,A
12,13,C
27,78,B
12,82,B
93,70,A
58,11,C
66,26,B
77,93,A
45,36,B
88,15,B
78,77,A
16,74,B
82,45,B
77,21,B
60,41,B
32,89,B
96,91,A
98,63,A
80,31,B
57,40,B
94,88,A
89,62,A
98,52,A
28,100,B
67,39,B
71,97,A
76,35,B
33,60,B
69,27,B
88,50,B
31,46,C
27,21,C
85,91,A
52,77,B
87,94,A
60,19,C
42,21,C
59,85,A
51,33,B
61,91,A
62,22,B
48,94,A
71,43,B
64,12,C
88,59,A
24,61,B
46,95,A
97,35,B
98,80,A
46,74,B
83,45,B
56,15,C
56,36,B
13,57,C
59,13,C
63,53,B
19,51,C
13,72,B
25,15,C
80,86,A
30,48,C
76,54,B
81,39,B
36,18,C
66,46,B
93,22,B
77,29,B
66,96,A
66,84,A
71,88,A
95,30,B
30,66,B
54,67,B
25,17,C
16,68,B
80,57,B
80,49,B
47,56,B
82,58,A
73,37,B
49,14,C
43,39,B
91,44,B
18,82,B
48,85,B
39,90,B
41,75,B
22,100,B
88,72,A
84,10,B
95,48,A
34,92,B
68,24,B
14,32,C
95,77,A
23,85,B
45,49,B
21,85,B
15,60,C
81,40,B
82,64,A
58,67,B
86,34,B
14,48,C
28,90,B
25,16,C
73,66,B
66,13,C
33,49,B
74,87,A
13,26,C
95,10,B
41,73,B
73,57,B
28,67,B
24,66,B
80,61,A
54,93,A
92,22,B
55,72,B
38,93,B
11,45,C
52,92,A
16,55,C
18,34,C
18,77,B
90,32,B
19,13,C
47,60,B
84,90,A
51,41,B
35,78,B
26,71,B
72,86,A
38,77,B
30,78,B
70,91,A
98,61,A
11,48,C
86,44,B
48,86,B
75,16,B
75,76,A
37,94,B
95,36,B
71,48,B
61,61,B
21,16,C
16,66,B
81,38,B
50,93,A
65,66,B
57,56,B
45,71,B
40,60,B
62,30,B
95,50,A
74,68,A
50,66,B
29,53,B
31,17,C
68,45,B
87,77,A
24,83,B
74,99,A
14,55,C
25,56,B
45,88,B
40,75,B
10,33,C
62,42,B
39,12,C
85,47,B
74,53,B
91,94,A
29,73,B
33,65,B
73,73,A
93,19,B
66,22,B
50,39,B
97,12,B
56,92,A
93,30,B
70,26,B
44,79,B
11,19,C
56,75,B
44,88,B
61,15,C
100,44,A
14,74,B
43,31,C
81,55,B
90,86,A
14,95,B
90,13,B
31,67,B
59,65,B
86,48,B
93,83,A
95,18,B
43,98,A
81,83,A
66,50,B
75,28,B
88,59,A
17,69,B
77,79,A
84,38,B
74,20,B
55,25,B
89,31,B
46,65,B
88,76,A
41,29,C
37,89,B
19,46,C
13,67,B
84,75,A
22,24,C
60,11,C
23,30,C
83,13,B
92,73,A
38,82,B
86,40,B
27,89,B
31,20,C
20,83,B
46,84,B
90,12,B
56,23,C
33,36,C
24,70,B
32,42,C
84,96,A
49,54,B
77,74,A
31,55,B
57,54,B
14,63,C
89,53,A
60,38,B
75,99,A
29,70,B
44,83,B
19,62,B
86,50,B
33,61,B
17,54,C
100,54,A
21,51,C
63,57,B
81,100,A
70,20,B
55,48,B
96,77,A
10,50,C
98,43,A
72,41,B
56,45,B
18,99,B
83,40,B
28,32,C
17,35,C
40,56,B
100,18,B
87,54,A
14,31,C
34,69,B
76,21,B
96,49,A
44,74,B
75,34,B
66,40,B
34,13,C
89,15,B
65,72,B
43,70,B
27,26,C
75,88,A
16,27,C
69,81,A
93,96,A
76,25,B
70,61,B
81,50,B
80,43,B
80,66,A
55,70,B
94,12,B
41,72,B
56,75,B
20,52,C
84,23,B
64,63,B
88,95,A
95,82,A
46,70,B
62,89,A
18,13,C
30,34,C
42,79,B
30,76,B
34,14,C
21,44,C
22,55,C
68,47,B
56,42,B
44,98,A
98,14,B
76,80,A
76,16,B
83,30,B
76,39,B
76,12,B
82,61,A
70,41,B
25,79,B
87,22,B
34,74,B
77,80,A
57,15,C
15,90,B
76,86,A
71,41,B
85,23,B
73,88,A
37,69,B
53,44,B
94,20,B
93,85,A
64,75,B
15,33,C
34,70,B
15,27,C
41,30,C
27,55,B
84,91,A
16,18,C
96,65,A
100,62,A
23,79,B
33,100,B
23,10,C
63,76,B
82,83,A
48,74,B
59,22,B
28,65,B
35,52,B
56,84,A
95,50,A
38,22,C
32,41,C
38,96,B
52,35,B
91,44,B
89,87,A
89,26,B
18,75,B
70,36,B
67,29,B
79,58,B
56,51,B
27,33,C
86,20,B
86,10,B
57,96,A
16,21,C
44,39,B
13,100,B
58,49,B
77,56,B
49,61,B
50,18,C
87,55,A
37,28,C
85,21,B
99,25,B
86,75,A
42,20,C
92,26,B
47,70,B
39,83,B
39,28,C
77,24,B
12,35,C
81,97,A
20,38,C
37,28,C
93,84,A
100,100,A
48,38,B
77,41,B
23,79,B
97,85,A
91,72,A
37,100,B
14,85,B
100,66,A
49,36,B
62,82,A
70,99,A
68,28,B
28,80,B
74,45,B
22,69,B
32,31,C
29,64,B
96,89,A
40,43,B
15,74,B
74,84,A
63,85,A
53,13,C
96,24,B
67,85,A
90,46,B
29,23,C
34,92,B
17,32,C
66,17,B
96,35,B
90,25,B
35,82,B
59,65,B
80,49,B
58,10,C
63,18,B
55,10,C
45,33,C
89,58,A
18,18,C
12,20,C
88,32,B
28,86,B
37,88,B
40,13,C
50,56,B
70,62,B
37,27,C
63,88,A
11,74,B
39,55,B
86,76,A
96,71,A
45,46,B
55,38,B
30,94,B
17,13,C
26,59,B
10,97,B
72,75,A
74,47,B
77,78,A
74,83,A
72,39,B
44,20,C
83,70,A
84,76,A
33,77,B
92,82,A
59,26,B
21,85,B
32,37,C
54,13,C
99,35,B
67,10,C
65,14,C
18,98,B
95,15,B
53,86,B
54,61,B
52,60,B
70,88,A
90,39,B
15,28,C
28,32,C
38,81,B
19,91,B
50,52,B
70,57,B
52,33,B
74,46,B
36,88,B
22,97,B
50,50,B
17,31,C
68,47,B
69,63,B
75,41,B
42,27,C
100,70,A
78,87,A
60,27,B
88,21,B
17,17,C
32,32,C
15,14,C
81,19,B
41,90,B
48,60,B
20,39,C
14,56,C
12,40,C
88,13,B
74,87,A
49,69,B
92,51,A
44,65,B
93,74,A
47,15,C
66,85,A
47,64,B
51,18,C
19,26,C
43,94,B
15,62,C
51,58,B
89,62,A
54,89,A
16,63,C
57,37,B
50,96,A
93,90,A
56,52,B
87,61,A
59,88,A
24,72,B
29,28,C
46,63,B
53,58,B
80,35,B
38,69,B
91,94,A
70,94,A
39,70,B
60,74,B
80,41,B
26,91,B
74,98,A
64,47,B
66,73,B
53,16,C
56,20,C
50,10,C
50,33,B
12,34,C
82,52,B
41,41,B
13,15,C
55,28,B
70,94,A
27,25,C
43,34,C
93,81,A
90,70,A
87,42,B
14,39,C
73,33,B
29,23,C
94,50,A
65,67,B
96,97,A
73,47,B
28,60,B
26,89,B
22,91,B
25,41,C
35,27,C
89,75,A
22,57,C
93,63,A
34,21,C
44,33,C
75,38,B
64,73,B
59,64,B
79,46,B
40,40,B
60,40,B
47,21,C
98,56,A
54,91,A
52,59,B
18,32,C
25,96,B
33,92,B
51,20,C
30,89,B
39,81,B
15,25,C
96,82,A
52,15,C
10,33,C
21,72,B
12,33,C
31,16,C
38,64,B
39,70,B
33,50,B
41,33,C
87,17,B
96,81,A
59,93,A
60,96,A
88,34,B
41,21,C
47,65,B
100,18,B
39,78,B
93,66,A
14,59,C
85,37,B
61,91,A
78,45,B
90,82,A
94,18,B
81,57,B
83,32,B
42,51,B
11,61,C
14,30,C
43,80,B
89,53,A
78,35,B
79,11,B
31,15,C
84,39,B
25,13,C
79,70,A
53,72,B
81,98,A
18,57,C
50,14,C
54,86,A
14,24,C
27,94,B
81,20,B
26,87,B
83,69,A
57,34,B
16,54,C
69,22,B
15,45,C
70,34,B
40,95,B
67,44,B
79,66,A
60,56,B
53,79,B
96,90,A
86,45,B
36,55,B
75,16,B
92,88,A
74,65,B
24,69,B
11,100,B
34,24,C
21,38,C
74,77,A
64,48,B
44,91,B
48,48,B
95,67,A
56,81,B
11,11,C
44,77,B
18,79,B
18,91,B
96,70,A
32,96,B
30,47,C
73,41,B
91,82,A
88,79,A
97,18,B
81,18,B
86,23,B
86,63,A
11,30,C
37,73,B
75,28,B
28,44,C
83,33,B
81,89,A
26,29,C
12,51,C
92,75,A
66,71,B
79,21,B
16,93,B
46,80,B
33,61,B
61,68,B
80,13,B
29,19,C
23,28,C
83,79,A
18,32,C
81,73,A
27,93,B
94,26,B
65,47,B
32,70,B
42,59,B
51,38,B
93,72,A
42,40,B
25,73,B
60,96,A
68,97,A
86,76,A
26,98,B
88,56,A
66,92,A
12,50,C
74,41,B
87,42,B
13,21,C
20,33,C
75,77,A
36,33,C
78,44,B
37,46,B
28,86,B
57,87,A
71,22,B
11,22,C
21,75,B
69,16,B
38,52,B
59,33,B
97,11,B
58,96,A
59,27,B
66,48,B
19,74,B
82,55,B
81,55,B
47,40,B
50,67,B
43,78,B
82,49,B
40,45,B
32,62,B
87,59,A
91,32,B
71,12,B
90,55,A
70,21,B
21,12,C
85,35,B
16,24,C
72,74,A
39,68,B
26,23,C
27,83,B
42,68,B
82,69,A
51,44,B
82,26,B
57,26,B
11,23,C
90,71,A
34,64,B
42,76,B
77,93,A
91,57,A
71,99,A
19,51,C
99,18,B
19,41,C
19,34,C
50,62,B
84,10,B
72,41,B
30,56,B
55,58,B
36,93,B
65,26,B
49,68,B
46,76,B
27,42,C
57,25,B
75,32,B
23,91,B
89,47,B
18,76,B
34,50,B
26,50,C
84,76,A
22,65,B
65,22,B
23,13,C
30,36,C
25,29,C
21,95,B
71,65,B
49,21,C
40,31,C
94,96,A
96,60,A
100,80,A
41,28,C
64,10,C
37,77,B
18,23,C
81,66,A
76,55,B
68,89,A
56,14,C
87,12,B
43,86,B
18,33,C
76,90,A
74,80,A
32,59,B
44,55,B
48,46,B
60,97,A
13,42,C
26,99,B
75,97,A
64,15,C
13,60,C
62,35,B
42,14,C
98,95,A
96,84,A
17,62,C
92,33,B
86,96,A
22,87,B
19,65,B
64,65,B
52,29,B
10,86,B
20,56,C
50,33,B
89,45,B
62,23,B
80,37,B
94,100,A
54,30,B
29,49,C
74,31,B
34,99,B
30,83,B
32,89,B
49,73,B
19,35,C
89,29,B
68,53,B
21,28,C
81,46,B
64,59,B
59,65,B
58,74,B
34,45,C
58,89,A
86,60,A
41,82,B
81,34,B
46,64,B
82,57,B
80,41,B
52,83,B
41,99,A
99,47,A
10,68,C
37,57,B
85,54,B
55,10,C
32,49,B
51,46,B
47,89,B
96,61,A
56,18,C
80,100,A
97,52,A
92,50,A
59,65,B
68,47,B
55,68,B
100,58,A
93,78,A
60,97,A
86,83,A
69,47,B
45,68,B
30,27,C
95,58,A
27,44,C
42,99,A
67,62,B
68,25,B
57,33,B
88,63,A
29,26,C
18,22,C
80,77,A
57,20,C
34,63,B
90,15,B
84,40,B
28,40,C
90,95,A
26,72,B
90,70,A
82,19,B
33,30,C
16,59,C
68,43,B
16,19,C
40,49,B
59,34,B
82,98,A
70,70,A
22,95,B
71,80,A
100,80,A
59,32,B
45,35,B
21,37,C
21,17,C
45,94,B
33,45,C
66,69,B
46,51,B
58,48,B
85,57,A
23,41,C
73,28,B
87,74,A
47,92,B
17,50,C
61,15,C
24,53,C
45,66,B
91,74,A
31,31,C
52,91,A
76,84,A
28,77,B
97,24,B
22,93,B
51,20,C
28,23,C
92,44,B
34,48,B
99,92,A
21,51,C
45,22,C
26,47,C
10,21,C
64,53,B
75,73,A
72,42,B
51,85,B
90,78,A
80,44,B
31,28,C
40,81,B
54,32,B
17,28,C
59,23,B
54,45,B
70,83,A
39,15,C
92,23,B
11,64,C
59,60,B
19,10,C
31,86,B
89,11,B
77,93,A
70,53,B
93,100,A
79,20,B
45,30,C
84,91,A
15,23,C
94,51,A
51,64,B
72,74,A
24,91,B
18,77,B
43,24,C
77,69,A
50,44,B
55,94,A
18,41,C
40,53,B
16,70,B
78,18,B
98,46,A
30,91,B
89,19,B
75,10,B
11,58,C
62,45,B
76,11,B
69,99,A
12,47,C
79,24,B
96,43,B
58,38,B
33,23,C
93,30,B
29,79,B
87,58,A
27,89,B
70,74,A
18,30,C
69,22,B
56,37,B
48,29,C
71,49,B
10,14,C
44,91,B
31,64,B
80,83,A
97,68,A
25,13,C
54,12,C
78,17,B
88,52,A
49,94,A
71,59,B
24,85,B
95,80,A
23,74,B
14,91,B
52,88,A
85,57,A
89,75,A
38,31,C
10,45,C
48,89,B
10,51,C
95,69,A
26,43,C
76,43,B
25,35,C
49,70,B
94,56,A
98,49,A
64,94,A
71,38,B
23,84,B
69,84,A
80,76,A
53,99,A
61,26,B
100,14,B
93,59,A
54,82,B
80,48,B
91,56,A
50,38,B
66,59,B
86,39,B
49,92,A
31,70,B
84,85,A
22,23,C
19,40,C
54,79,B
61,18,C
73,75,A
18,68,B
64,81,A
54,79,B
25,11,C
28,42,C
66,72,B
71,94,A
34,56,B
81,97,A
87,40,B
85,97,A
65,26,B
41,54,B
62,46,B
88,74,A
43,59,B
44,82,B
78,51,B
18,52,C
31,83,B
62,43,B
71,73,A
65,34,B
22,30,C
89,76,A
52,60,B
97,100,A
52,24,C
87,41,B
85,73,A
98,64,A
47,32,C
94,99,A
12,93,B
86,80,A
98,25,B
59,92,A
70,38,B
52,93,A
49,80,B
73,78,A
17,93,B
50,42,B
67,65,B
35,45,B
96,68,A
83,63,A
41,74,B
50,78,B
52,24,C
45,11,C
43,45,B
30,34,C
25,73,B
49,13,C
45,31,C
15,95,B
78,31,B
15,70,B
24,58,B
13,57,C
96,36,B
76,66,A
73,63,B
69,98,A
90,32,B
38,87,B
74,59,B
48,64,B
31,74,B
26,17,C
72,46,B
67,33,B
78,95,A
54,60,B
95,68,A
49,54,B
31,99,B
41,30,C
80,90,A
55,68,B
71,22,B
11,92,B
42,60,B
99,86,A
17,82,B
58,40,B
94,21,B
77,100,A
96,53,A
70,62,B
62,62,B
45,43,B
91,21,B
11,18,C
55,54,B
39,55,B
58,87,A
38,83,B
42,69,B
46,83,B
19,95,B
25,60,B
74,21,B
45,32,C
51,12,C
17,38,C
55,91,A
43,24,C
85,35,B
22,90,B
87,39,B
79,25,B
66,53,B
71,65,B
15,24,C
78,77,A
59,62,B
81,24,B
31,88,B
20,99,B
50,48,B
71,39,B
29,79,B
49,44,B
75,81,A
80,37,B
52,78,B
33,63,B
18,31,C
87,49,B
48,30,C
63,95,A
79,12,B
48,23,C
13,62,C
71,53,B
21,17,C
82,58,A
21,91,B
34,23,C
16,49,C
40,89,B
57,59,B
88,46,B
92,52,A
11,100,B
59,38,B
76,97,A
52,64,B
91,46,B
72,29,B
87,29,B
59,42,B
79,57,B
91,16,B
20,95,B
86,47,B
29,70,B
76,12,B
90,16,B
11,48,C
98,20,B
33,10,C
44,76,B
62,29,B
84,10,B
36,25,C
91,22,B
53,80,B
76,99,A
20,50,C
39,51,B
18,11,C
65,100,A
27,57,B
15,23,C
54,42,B
52,82,B
30,37,C
63,81,A
65,10,C
75,47,B
87,55,A
47,43,B
60,80,A
73,14,B
62,49,B
73,55,B
93,98,A
26,35,C
94,29,B
11,38,C
35,87,B
80,54,B
37,52,B
66,98,A
27,36,C
43,63,B
67,75,A
36,13,C
97,81,A
95,58,A
91,38,B
30,60,B
73,22,B
51,34,B
28,65,B
12,39,C
40,96,B
28,87,B
60,59,B
46,84,B
60,100,A
83,24,B
36,19,C
26,45,C
17,82,B
65,54,B
59,74,B
86,93,A
90,67,A
16,64,B
91,66,A
43,43,B
69,33,B
30,40,C
61,64,B
71,93,A
15,97,B
89,49,B
21,12,C
46,69,B
51,54,B
36,37,C
87,71,A
63,73,B
80,24,B
74,32,B
31,16,C
47,23,C
51,43,B
52,13,C
93,27,B
68,19,B
48,27,C
58,35,B
17,97,B
48,65,B
24,51,C
49,19,C
55,20,C
73,99,A
32,15,C
24,44,C
33,48,B
55,25,B
21,22,C
74,41,B
72,49,B
95,45,A
85,17,B
97,81,A
100,23,B
55,10,C
33,13,C
46,13,C
91,73,A
19,77,B
14,96,B
16,69,B
30,78,B
18,84,B
24,98,B
58,13,C
61,65,B
45,68,B
77,47,B
82,46,B
42,98,A
58,15,C
78,89,A
21,44,C
15,28,C
33,15,C
25,83,B
10,55,C
18,53,C
65,100,A
86,26,B
33,58,B
10,51,C
94,99,A
14,15,C
34,58,B
93,17,B
19,18,C
45,35,B
15,86,B
20,57,C
69,28,B
38,92,B
30,56,B
69,12,B
56,48,B
51,87,B
47,95,A
57,62,B
99,67,A
42,73,B
88,96,A
92,54,A
42,27,C
22,43,C
89,56,A
72,21,B
77,38,B
42,54,B
34,10,C
16,23,C
81,65,A
66,12,C
97,50,A
100,88,A
48,61,B
61,59,B
99,59,A
74,72,A
25,85,B
77,50,B
95,65,A
46,24,C
40,69,B
47,87,B
99,46,A
92,92,A
71,44,B
100,42,A
86,61,A
16,46,C
79,34,B
62,86,A
12,69,B
92,14,B
38,30,C
51,57,B
34,95,B
57,62,B
35,91,B
20,18,C
79,68,A
48,84,B
71,24,B
93,72,A
38,71,B
65,12,C
89,87,A
70,43,B
73,57,B
63,63,B
96,43,B
35,83,B
85,72,A
26,89,B
75,36,B
30,12,C
80,85,A
21,82,B
70,67,B
33,11,C
59,96,A
81,27,B
25,16,C
65,81,A
27,62,B
74,96,A
33,74,B
38,93,B
58,28,B
15,20,C
70,79,A
97,35,B
16,39,C
46,93,B
83,60,A
35,90,B
51,36,B
40,48,B
54,20,C
80,44,B
11,61,C
70,82,A
88,38,B
73,90,A
50,69,B
97,52,A
78,20,B
50,32,B
40,75,B
28,36,C
26,38,C
32,64,B
91,30,B
84,14,B
74,39,B
89,90,A
39,95,B
81,74,A
10,65,C
42,57,B
66,75,A
46,79,B
43,29,C
52,90,A
25,34,C
64,43,B
95,66,A
26,71,B
24,72,B
98,70,A
41,47,B
21,35,C
26,99,B
28,72,B
24,28,C
87,10,B
28,31,C
44,75,B
78,32,B
26,33,C
37,92,B
32,58,B
52,92,A
36,81,B
49,11,C
79,84,A
95,97,A
27,72,B
45,36,B
37,24,C
19,31,C
11,28,C
49,16,C
16,46,C
95,86,A
12,53,C
30,40,C
52,38,B
29,49,C
16,23,C
57,48,B
42,55,B
98,13,B
31,100,B
60,78,B
26,77,B
77,94,A
74,39,B
18,77,B
60,27,B
51,99,A
46,91,B
81,93,A
62,45,B
61,23,B
30,83,B
100,79,A
97,72,A
40,83,B
68,64,B
73,18,B
89,76,A
12,90,B
43,20,C
85,59,A
46,83,B
87,75,A
90,64,A
12,24,C
10,70,B
26,94,B
26,54,B
39,23,C
33,52,B
35,20,C
42,82,B
57,27,B
59,72,B
52,40,B
63,40,B
86,73,A
18,88,B
70,19,B
76,15,B
31,16,C
45,74,B
11,94,B
66,25,B
18,16,C
14,54,C
16,98,B
66,57,B
87,42,B
81,40,B
69,95,A
48,77,B
80,24,B
52,37,B
89,85,A
49,13,C
54,83,B
66,90,A
82,24,B
56,89,A
33,48,B
74,26,B
42,96,B
59,12,C
33,82,B
21,27,C
71,11,B
51,94,A
76,55,B
89,29,B
90,96,A
27,89,B
18,97,B
21,66,B
82,68,A
51,72,B
24,40,C
63,83,A
22,63,B
70,67,B
78,82,A
83,82,A
57,44,B
53,53,B
12,24,C
19,19,C
65,40,B
56,74,B
83,30,B
25,26,C
81,78,A
23,42,C
60,27,B
24,54,C
45,86,B
31,47,C
60,21,B
76,50,B
69,22,B
84,25,B
95,55,A
81,73,A
60,70,B
59,92,A
72,60,B
27,42,C
50,72,B
35,67,B
52,99,A
95,14,B
75,10,B
97,42,B
100,54,A
95,20,B
25,18,C
68,86,A
35,32,C
48,16,C
25,93,B
58,86,A
34,60,B
33,75,B
86,63,A
100,86,A
33,71,B
13,33,C
54,67,B
94,32,B
72,42,B
25,84,B
31,22,C
100,19,B
35,36,C
62,83,A
93,84,A
59,15,C
93,43,B
48,33,B
67,27,B
41,95,B
45,30,C
13,68,B
25,77,B
96,60,A
53,56,B
95,91,A
42,50,B
80,88,A
72,19,B
69,55,B
73,72,A
64,30,B
34,98,B
65,71,B
82,86,A
86,59,A
58,63,B
75,95,A
28,66,B
52,48,B
44,47,B
30,90,B
47,73,B
12,16,C
43,32,C
19,24,C
98,36,B
75,61,B
87,88,A
70,32,B
73,96,A
65,13,C
82,88,A
43,41,B
54,81,B
14,95,B
10,57,C
52,24,C
56,23,C
63,78,A
30,90,B
41,40,B
78,86,A
81,59,A
20,14,C
22,85,B
87,33,B
31,59,B
48,54,B
97,88,A
41,42,B
55,81,B
52,17,C
62,54,B
52,95,A
15,66,B
68,28,B
72,94,A
14,17,C
49,91,A
81,20,B
70,12,B
81,94,A
25,44,C
87,18,B
87,30,B
28,69,B
16,30,C
59,15,C
78,80,A
16,23,C
45,90,B
63,23,B
26,27,C
39,43,B
40,39,C
100,87,A
87,57,A
50,38,B
36,31,C
77,20,B
98,66,A
28,32,C
95,74,A
66,48,B
74,48,B
18,22,C
76,97,A
49,32,B
19,24,C
63,95,A
48,58,B
63,42,B
92,36,B
51,56,B
26,97,B
40,99,B
11,48,C
37,28,C
70,53,B
94,55,A
14,53,C
81,27,B
92,100,A
73,41,B
67,54,B
44,90,B
97,49,A
23,45,C
23,17,C
58,60,B
89,17,B
49,97,A
13,83,B
10,63,C
33,67,B
47,79,B
60,99,A
19,37,C
23,71,B
21,16,C
18,79,B
18,95,B
89,81,A
86,36,B
76,62,B
34,80,B
80,66,A
17,89,B
42,99,A
36,94,B
46,93,B
16,15,C
16,51,C
34,41,C
32,92,B
87,88,A
65,15,B
19,48,C
63,24,B
72,90,A
96,28,B
70,73,A
49,60,B
56,34,B
68,50,B
81,79,A
29,45,C
78,61,B
93,36,B
55,68,B
87,91,A
48,45,B
52,52,B
68,94,A
34,85,B
22,52,C
87,55,A
79,37,B
51,49,B
77,75,A
10,93,B
25,66,B
14,23,C
63,83,A
19,69,B
42,18,C
59,15,C
24,53,C
10,92,B
57,43,B
36,41,C
14,44,C
15,59,C
85,39,B
49,47,B
81,56,B
47,49,B
97,75,A
19,93,B
88,77,A
69,93,A
51,18,C
93,53,A
94,68,A
88,45,B
98,69,A
97,38,B
91,67,A
53,72,B
52,73,B
25,72,B
97,46,A
83,85,A
56,93,A
22,67,B
50,81,B
59,56,B
91,36,B
58,29,B
49,78,B
26,62,B
30,85,B
62,75,B
32,79,B
72,24,B
82,14,B
40,99,B
90,98,A
90,48,B
94,78,A
76,66,A
25,69,B
91,63,A
21,83,B
68,96,A
41,11,C
60,87,A
25,84,B
10,46,C
60,23,B
70,36,B
22,15,C
68,44,B
43,94,B
77,98,A
35,89,B
59,43,B
47,39,B
96,91,A
26,34,C
60,99,A
43,82,B
48,56,B
26,68,B
55,49,B
26,32,C
58,99,A
35,87,B
91,88,A
59,100,A
43,57,B
94,33,B
84,50,B
47,19,C
66,63,B
73,54,B
87,54,A
68,86,A
86,20,B
94,17,B
22,52,C
31,96,B
63,13,C
47,38,B
66,21,B
25,16,C
18,72,B
74,94,A
96,37,B
50,55,B
68,94,A
53,26,C
59,56,B
92,69,A
26,40,C
32,28,C
62,41,B
75,88,A
94,69,A
39,37,C
32,79,B
89,50,B
81,59,A
75,88,A
77,81,A
86,24,B
28,51,C
54,75,B
98,66,A
84,17,B
19,29,C
54,55,B
21,82,B
60,54,B
24,57,B
60,93,A
46,10,C
24,54,C
19,89,B
21,22,C
93,51,A
28,34,C
47,96,A
31,91,B
24,62,B
61,11,C
82,96,A
58,76,B
29,72,B
32,85,B
43,57,B
33,21,C
87,66,A
23,63,B
26,30,C
17,91,B
26,16,C
45,63,B
61,75,B
12,55,C
79,63,A
99,19,B
66,65,B
93,95,A
26,15,C
76,43,B
40,31,C
21,15,C
97,42,B
32,12,C
42,44,B
40,65,B
47,79,B
18,49,C
93,45,B
95,95,A
71,11,B
93,96,A
94,26,B
67,30,B
29,73,B
45,33,C
96,47,A
12,74,B
81,86,A
62,82,A
12,21,C
48,97,A
82,50,B
86,17,B
73,78,A
68,44,B
50,71,B
80,100,A
81,17,B
95,93,A
86,38,B
81,67,A
21,40,C
25,69,B
57,24,B
51,87,B
29,40,C
92,56,A
96,86,A
64,72,B
84,58,A
73,11,B
49,23,C
81,48,B
80,71,A
13,16,C
14,17,C
29,12,C
99,59,A
38,69,B
72,15,B
69,27,B
25,48,C
48,83,B
64,27,B
87,69,A
44,10,C
79,53,B
68,28,B
13,96,B
72,93,A
43,13,C
51,33,B
18,77,B
38,79,B
68,72,A
42,27,C
55,13,C
89,83,A
48,86,B
50,71,B
84,78,A
61,61,B
64,71,B
83,90,A
23,29,C
26,52,C
17,35,C
24,59,B
85,23,B
76,76,A
42,18,C
43,36,C
37,29,C
15,82,B
50,99,A
40,75,B
100,83,A
84,100,A
42,60,B
19,37,C
63,54,B
50,12,C
89,33,B
45,69,B
30,53,B
94,50,A
99,88,A
88,10,B
10,39,C
22,93,B
26,65,B
57,32,B
62,45,B
49,83,B
45,13,C
67,22,B
36,26,C
45,22,C
48,51,B
83,51,B
47,22,C
50,28,C
86,26,B
72,83,A
96,47,A
89,62,A
28,25,C
69,76,A
39,67,B
74,53,B
65,27,B
61,44,B
68,68,B
50,46,B
92,87,A
69,75,A
84,25,B
13,59,C
86,67,A
94,75,A
79,79,A
29,62,B
64,66,B
70,68,B
27,65,B
72,79,A
81,28,B
41,37,C
99,37,B
15,84,B
54,19,C
79,87,A
24,16,C
68,93,A
56,69,B
100,96,A
81,67,A
69,57,B
11,93,B
95,73,A
82,70,A
82,16,B
66,13,C
68,73,A
68,44,B
23,37,C
46,48,B
43,99,A
82,11,B
75,66,A
36,19,C
43,42,B
86,95,A
50,70,B
74,38,B
55,82,B
85,24,B
46,42,B
23,68,B
56,35,B
55,56,B
97,28,B
56,30,B
52,47,B
41,42,B
15,78,B
38,45,B
42,85,B
61,36,B
14,76,B
88,70,A
20,13,C
54,49,B
66,42,B
34,67,B
72,18,B
63,34,B
42,45,B
72,97,A
62,50,B
86,24,B
90,23,B
57,34,B
48,96,A
87,38,B
48,28,C
83,93,A
39,22,C
84,70,A
33,62,B
54,30,B
83,38,B
22,84,B
83,16,B
66,12,C
84,89,A
74,20,B
18,29,C
73,50,B
10,60,C
74,86,A
44,37,B
76,68,A
46,29,C
88,69,A
91,94,A
83,13,B
47,96,A
72,31,B
10,59,C
82,32,B
100,29,B
18,18,C
70,76,A
41,100,A
57,86,A
15,80,B
27,83,B
87,89,A
79,20,B
80,22,B
68,76,A
64,64,B
25,15,C
40,64,B
76,90,A
86,45,B
28,73,B
60,20,B
58,13,C
84,67,A
86,90,A
72,94,A
79,22,B
14,20,C
95,30,B
92,99,A
33,63,B
80,81,A
74,64,B
80,21,B
18,95,B
75,86,A
59,86,A
42,39,B
55,44,B
34,15,C
73,12,B
89,11,B
82,21,B
48,31,C
70,45,B
92,95,A
25,29,C
30,14,C
21,54,C
42,18,C
64,57,B
62,39,B
78,49,B
91,31,B
85,86,A
18,16,C
55,11,C
87,37,B
84,45,B
87,91,A
30,88,B
91,99,A
24,31,C
77,74,A
98,31,B
83,41,B
58,69,B
49,17,C
97,82,A
56,61,B
31,43,C
22,94,B
69,99,A
99,96,A
90,87,A
67,44,B
15,19,C
73,56,B
57,85,A
40,72,B
10,96,B
47,98,A
40,13,C
91,30,B
36,44,B
35,49,B
88,36,B
45,14,C
30,91,B
55,91,A
19,54,C
13,77,B
100,13,B
60,16,C
85,65,A
96,83,A
72,48,B
28,25,C
12,17,C
16,47,C
18,85,B
93,67,A
14,17,C
36,63,B
88,60,A
39,44,B
95,27,B
69,58,B
13,81,B
63,34,B
58,34,B
47,65,B
25,53,C
48,69,B
33,58,B
20,67,B
13,46,C
36,12,C
15,45,C
11,12,C
77,11,B
99,87,A
97,32,B
75,98,A
17,62,C
74,50,B
95,59,A
98,15,B
92,64,A
13,88,B
70,21,B
25,91,B
90,22,B
67,72,B
21,76,B
96,85,A
13,77,B
93,87,A
84,15,B
21,88,B
16,30,C
61,22,B
30,82,B
29,54,B
59,95,A
84,56,A
85,60,A
46,65,B
64,33,B
91,55,A
15,41,C
67,13,B
59,95,A
98,83,A
64,51,B
48,57,B
29,26,C
38,35,C
16,81,B
58,92,A
25,58,B
83,56,B
33,96,B
59,58,B
28,20,C
47,32,C
81,12,B
84,27,B
83,76,A
39,56,B
75,72,A
75,15,B
37,10,C
10,29,C
100,24,B
45,40,B
95,83,A
48,37,B
53,14,C
43,58,B
70,26,B
19,13,C
31,85,B
66,64,B
54,68,B
46,21,C
45,88,B
20,82,B
84,65,A
82,18,B
96,43,B
83,70,A
36,66,B
86,99,A
45,66,B
88,93,A
63,20,B
78,44,B
56,22,C
18,86,B
87,40,B
70,13,B
93,91,A
35,24,C
12,79,B
95,27,B
41,24,C
30,37,C
49,16,C
90,29,B
34,73,B
79,25,B
36,75,B
37,28,C
70,37,B
32,60,B
37,100,B
86,78,A
48,44,B
59,23,B
61,98,A
88,52,A
54,49,B
53,92,A
93,82,A
48,79,B
64,40,B
65,55,B
64,41,B
64,44,B
47,82,B
99,37,B
76,84,A
10,83,B
65,12,C
88,82,A
87,34,B
21,71,B
99,33,B
77,39,B
39,45,B
71,57,B
33,95,B
78,27,B
33,26,C
29,54,B
40,29,C
57,88,A
92,57,A
64,40,B
68,50,B
81,55,B
87,64,A
87,16,B
65,15,B
94,22,B
44,37,B
79,29,B
15,12,C
49,100,A
40,66,B
15,44,C
40,80,B
88,90,A
70,92,A
85,93,A
41,43,B
89,77,A
82,69,A
30,94,B
17,69,B
24,81,B
99,44,A
98,76,A
51,76,B
33,62,B
56,24,B
92,90,A
30,22,C
21,85,B
96,21,B
16,71,B
94,96,A
53,17,C
51,89,A
62,68,B
80,79,A
96,78,A
95,44,B
71,78,A
24,30,C
47,21,C
12,63,C
28,65,B
57,40,B
98,100,A
83,63,A
74,99,A
41,82,B
45,88,B
68,91,A
57,84,A
91,84,A
13,44,C
89,27,B
22,54,C
98,11,B
38,28,C
89,85,A
65,17,B
74,50,B
60,65,B
22,64,B
30,54,B
38,53,B
15,49,C
43,15,C
97,57,A
79,30,B
88,13,B
93,72,A
100,36,B
79,95,A
29,48,C
80,30,B
26,63,B
57,97,A
95,93,A
43,95,B
79,21,B
78,53,B
35,27,C
44,10,C
16,87,B
94,49,A
81,40,B
10,24,C
27,58,B
73,34,B
87,32,B
81,72,A
44,40,B
95,50,A
21,70,B
79,71,A
14,81,B
88,17,B
41,93,B
47,44,B
13,41,C
44,55,B
49,72,B
59,89,A
66,37,B
80,32,B
36,66,B
59,40,B
60,23,B
22,26,C
63,39,B
83,95,A
21,14,C
92,95,A
49,67,B
48,52,B
65,44,B
17,100,B
93,97,A
64,86,A
27,85,B
39,52,B
28,74,B
41,82,B
72,34,B
54,15,C
77,12,B
78,64,A
56,37,B
31,89,B
87,11,B
67,21,B
20,54,C
46,45,B
86,35,B
10,52,C
85,63,A
28,44,C
23,37,C
15,77,B
54,95,A
67,53,B
85,83,A
98,23,B
78,88,A
83,67,A
65,13,C
55,66,B
75,63,B
98,59,A
11,22,C
20,85,B
34,52,B
50,31,B
69,69,B
49,80,B
12,94,B
27,63,B
65,58,B
36,95,B
15,15,C
75,47,B
95,68,A
62,95,A
74,79,A
30,70,B
26,86,B
30,46,C
52,75,B
78,81,A
77,48,B
21,33,C
38,71,B
62,61,B
79,18,B
41,18,C
69,86,A
59,37,B
91,47,B
16,51,C
33,76,B
45,90,B
33,53,B
71,65,B
69,23,B
70,62,B
99,60,A
49,91,A
92,43,B
17,52,C
27,30,C
33,19,C
45,33,C
18,12,C
40,45,B
60,42,B
23,61,B
90,33,B
63,32,B
97,43,A
67,47,B
24,92,B
89,60,A
37,14,C
88,15,B
78,19,B
71,28,B
66,28,B
85,48,B
94,47,A
94,46,A
92,98,A
90,47,B
36,92,B
98,61,A
16,23,C
35,19,C
46,26,C
17,14,C
79,74,A
67,49,B
63,25,B
65,75,A
95,87,A
11,33,C
72,79,A
63,80,A
26,39,C
94,86,A
76,50,B
69,57,B
98,89,A
29,38,C
14,64,C
12,14,C
51,52,B
37,31,C
44,17,C
93,78,A
43,20,C
76,58,B
61,63,B
20,49,C
57,12,C
85,11,B
69,17,B
99,15,B
84,14,B
76,55,B
93,20,B
95,89,A
50,82,B
51,47,B
28,86,B
65,55,B
96,17,B
90,55,A
21,24,C
22,44,C
82,86,A
70,47,B
30,16,C
64,55,B
62,16,C
57,89,A
62,75,B
86,30,B
44,32,C
100,34,B
83,52,B
39,22,C
94,37,B
30,65,B
47,51,B
67,51,B
98,40,B
93,82,A
33,22,C
52,27,C
21,47,C
12,86,B
33,25,C
13,44,C
63,70,B
65,86,A
37,67,B
17,49,C
94,49,A
96,17,B
71,90,A
60,74,B
53,21,C
97,60,A
23,90,B
22,45,C
25,29,C
67,83,A
78,56,B
83,53,B
64,55,B
90,50,A
69,54,B
37,71,B
48,13,C
68,29,B
52,42,B
77,35,B
35,38,C
42,41,B
26,84,B
93,46,B
17,20,C
28,79,B
80,10,B
67,79,A
100,13,B
47,69,B
61,98,A
94,31,B
56,10,C
33,86,B
86,55,A
43,38,B
37,56,B
97,11,B
40,19,C
58,46,B
68,70,B
52,83,B
69,37,B
74,83,A
42,27,C
35,33,C
28,17,C
65,72,B
76,59,B
85,30,B
91,75,A
41,74,B
26,96,B
13,38,C
44,45,B
36,32,C
26,47,C
57,53,B
72,63,B
71,86,A
32,62,B
43,80,B
24,50,C
79,81,A
62,45,B
51,39,B
39,72,B
16,37,C
97,34,B
35,52,B
41,29,C
45,15,C
16,77,B
54,85,B
54,13,C
37,30,C
93,23,B
82,22,B
32,57,B
81,21,B
44,91,B
27,11,C
50,26,C
14,43,C
81,86,A
42,99,A
82,13,B
26,60,B
85,14,B
47,21,C
83,89,A
91,94,A
99,30,B
13,83,B
41,36,C
45,41,B
38,49,B
94,68,A
65,16,B
22,87,B
83,69,A
98,78,A
63,80,A
42,92,B
28,30,C
36,65,B
98,28,B
41,89,B
73,80,A
71,89,A
74,71,A
45,83,B
99,38,B
26,50,C
31,76,B
61,45,B
84,56,A
76,93,A
11,89,B
43,98,A
23,96,B
42,47,B
98,41,B
15,63,C
75,40,B
74,47,B
81,89,A
99,89,A
25,13,C
37,86,B
84,78,A
61,59,B
47,24,C
54,30,B
82,92,A
53,56,B
81,82,A
64,86,A
58,84,A
47,67,B
62,22,B
22,53,C
72,68,A
15,91,B
14,99,B
18,92,B
94,74,A
71,44,B
41,42,B
42,10,C
27,62,B
62,81,A
66,73,B
64,21,B
45,41,B
28,27,C
47,41,B
29,47,C
26,86,B
23,44,C
90,44,B
14,58,C
45,83,B
37,32,C
81,27,B
42,72,B
53,70,B
86,87,A
13,82,B
22,64,B
84,73,A
35,44,C
44,32,C
22,19,C
44,86,B
77,38,B
35,68,B
48,59,B
91,46,B
77,99,A
100,80,A
96,78,A
85,49,B
28,76,B
87,94,A
27,57,B
31,98,B
43,42,B
24,70,B
86,20,B
46,93,B
52,64,B
49,86,B
23,23,C
14,66,B
49,35,B
25,65,B
76,91,A
62,46,B
20,91,B
68,16,B
45,36,B
53,36,B
14,94,B
74,77,A
25,62,B
76,99,A
47,59,B
15,89,B
65,77,A
16,17,C
29,29,C
28,75,B
75,56,B
86,35,B
55,88,A
85,27,B
77,83,A
23,55,C
39,64,B
75,40,B
44,14,C
57,68,B
62,86,A
27,43,C
54,84,B
95,66,A
68,24,B
12,71,B
16,25,C
76,100,A
86,89,A
96,76,A
10,89,B
88,93,A
69,17,B
60,68,B
63,36,B
11,19,C
16,100,B
27,43,C
36,37,C
11,94,B
44,83,B
32,72,B
29,86,B
72,90,A
12,66,C
94,62,A
32,85,B
87,58,A
33,30,C
36,79,B
76,81,A
45,88,B
48,26,C
70,87,A
76,62,B
21,98,B
19,20,C
23,82,B
95,29,B
88,83,A
56,26,B
64,69,B
91,78,A
66,85,A
77,66,A
58,20,C
60,17,C
11,91,B
59,18,C
63,38,B
89,80,A
82,46,B
63,60,B
65,15,B
37,72,B
23,44,C
29,20,C
13,90,B
31,66,B
65,28,B
85,93,A
17,20,C
97,92,A
57,96,A
20,90,B
36,55,B
87,99,A
70,19,B
30,57,B
43,84,B
92,16,B
76,56,B
98,61,A
50,41,B
73,13,B
45,54,B
15,82,B
58,33,B
91,59,A
29,45,C
12,33,C
41,10,C
48,73,B
70,12,B
86,43,B
45,37,B
87,34,B
29,76,B
23,24,C
57,10,C
35,26,C
82,50,B
75,72,A
54,79,B
21,68,B
97,40,B
51,96,A
75,21,B
91,51,A
83,48,B
27,12,C
60,63,B
15,10,C
29,47,C
70,100,A
69,71,A
55,75,B
44,34,C
32,95,B
44,37,B
58,57,B
82,17,B
37,40,C
59,24,B
98,38,B
52,76,B
98,80,A
46,65,B
98,94,A
22,66,B
55,99,A
44,55,B
29,87,B
100,39,B
77,11,B
32,84,B
22,61,B
89,23,B
49,42,B
51,55,B
45,52,B
41,61,B
21,93,B
45,96,A
80,41,B
44,67,B
36,91,B
12,28,C
26,70,B
69,47,B
67,62,B
96,99,A
79,87,A
63,25,B
18,76,B
50,32,B
45,15,C
31,28,C
63,20,B
21,92,B
17,63,B
95,49,A
84,43,B
94,35,B
34,70,B
71,55,B
50,23,C
27,14,C
88,71,A
77,64,A
37,88,B
10,82,B
38,39,C
63,33,B
17,48,C
36,25,C
16,98,B
75,37,B
65,88,A
94,41,B
94,82,A
55,75,B
77,94,A
81,67,A
84,35,B
55,29,B
77,54,B
41,85,B
31,46,C
65,13,C
55,15,C
67,71,B
97,47,A
22,60,B
67,88,A
16,100,B
88,60,A
17,15,C
97,62,A
38,92,B
52,34,B
77,49,B
50,20,C
72,61,B
32,57,B
33,32,C
81,27,B
86,35,B
66,10,C
56,61,B
25,74,B
59,15,C
79,98,A
44,13,C
47,49,B
31,92,B
14,35,C
93,29,B
29,66,B
54,13,C
90,39,B
86,26,B
48,98,A
57,100,A
39,79,B
25,61,B
79,23,B
72,26,B
73,45,B
34,80,B
93,20,B
18,83,B
32,13,C
18,71,B
10,13,C
93,43,B
87,83,A
95,41,B
58,55,B
25,28,C
32,42,C
38,19,C
45,61,B
40,64,B
94,14,B
60,10,C
44,70,B
71,76,A
60,89,A
55,78,B
74,55,B
30,63,B
85,30,B
26,69,B
81,69,A
73,43,B
16,74,B
55,96,A
18,14,C
25,96,B
60,11,C
36,86,B
29,40,C
67,66,B
35,58,B
23,22,C
37,92,B
96,26,B
79,19,B
41,90,B
26,68,B
11,83,B
81,53,B
50,89,B
97,22,B
68,96,A
85,85,A
56,37,B
100,78,A
42,37,C
87,51,B
65,30,B
96,84,A
51,12,C
42,32,C
64,62,B
11,51,C
55,13,C
88,46,B
20,47,C
18,79,B
46,84,B
36,94,B
17,73,B
13,19,C
54,88,A
82,81,A
33,12,C
64,51,B
25,98,B
47,53,B
94,76,A
22,35,C
86,99,A
89,19,B
46,96,A
10,21,C
34,68,B
20,20,C
89,71,A
58,41,B
52,48,B
39,87,B
61,61,B
71,17,B
30,11,C
34,12,C
33,49,B
35,94,B
95,52,A
74,98,A
37,73,B
92,16,B
86,100,A
77,59,B
10,48,C
89,73,A
92,81,A
22,60,B
65,69,B
40,65,B
74,78,A
40,49,B
96,39,B
28,74,B
50,95,A
80,97,A
31,24,C
80,19,B
23,32,C
47,89,B
74,11,B
74,70,A
34,68,B
30,13,C
12,70,B
80,91,A
10,14,C
77,41,B
67,97,A
11,56,C
34,60,B
34,11,C
65,74,B
24,45,C
14,33,C
56,12,C
13,20,C
11,18,C
92,75,A
24,25,C
57,58,B
47,30,C
55,63,B
29,69,B
69,21,B
63,60,B
54,26,B
15,47,C
12,33,C
52,52,B
59,41,B
23,39,C
85,73,A
61,33,B
71,70,A
10,16,C
44,95,B
23,71,B
40,33,C
30,93,B
49,80,B
43,98,A
32,75,B
10,12,C
50,34,B
88,76,A
95,48,A
70,46,B
71,92,A
72,33,B
27,44,C
85,97,A
14,74,B
35,72,B
23,70,B
62,94,A
16,38,C
49,74,B
48,18,C
64,20,B
56,85,A
29,15,C
45,11,C
96,87,A
77,23,B
71,63,B
36,23,C
21,81,B
94,95,A
44,21,C
32,56,B
62,60,B
72,79,A
85,81,A
87,85,A
56,20,C
64,38,B
95,28,B
87,68,A
63,74,B
61,24,B
94,83,A
85,90,A
38,32,C
11,40,C
12,74,B
41,56,B
17,55,C
11,24,C
96,51,A
93,14,B
54,21,C
67,51,B
59,62,B
67,99,A
73,56,B
12,19,C
36,51,B
80,47,B
29,81,B
17,37,C
42,50,B
87,24,B
90,56,A
94,23,B
32,85,B
60,56,B
89,29,B
11,35,C
58,43,B
57,67,B
22,76,B
91,43,B
66,30,B
69,92,A
26,88,B
82,11,B
98,47,A
76,11,B
60,70,B
31,82,B
76,97,A
79,82,A
28,73,B
36,63,B
15,70,B
72,52,B
56,50,B
47,41,B
19,28,C
52,45,B
73,29,B
33,45,C
69,92,A
50,85,B
24,21,C
52,17,C
33,21,C
36,23,C
73,15,B
55,79,B
84,77,A
80,55,B
91,37,B
100,96,A
21,25,C
99,78,A
12,10,C
63,89,A
41,42,B
46,75,B
62,20,B
32,72,B
75,21,B
70,100,A
13,76,B
43,12,C
36,20,C
45,44,B
60,80,A
54,25,C
94,90,A
74,10,B
21,58,C
83,73,A
15,32,C
93,51,A
24,84,B
22,37,C
36,48,B
27,44,C
49,63,B
16,33,C
52,82,B
28,34,C
48,30,C
28,13,C
47,99,A
82,42,B
64,84,A
45,82,B
95,49,A
57,27,B
43,26,C
34,40,C
68,36,B
93,13,B
84,13,B
33,67,B
32,20,C
65,55,B
100,69,A
34,12,C
50,17,C
46,44,B
57,81,B
30,29,C
98,98,A
18,14,C
17,41,C
35,41,C
84,98,A
61,24,B
16,96,B
53,53,B
45,36,B
36,19,C
95,94,A
62,75,B
32,88,B
49,68,B
32,40,C
54,53,B
22,35,C
30,49,C
73,47,B
27,97,B
77,85,A
32,56,B
62,27,B
13,86,B
94,75,A
39,18,C
54,56,B
58,33,B
38,71,B
44,14,C
74,94,A
75,79,A
66,84,A
66,37,B
54,40,B
31,59,B
39,39,C
18,93,B
38,36,C
45,78,B
50,32,B
14,27,C
35,56,B
37,21,C
23,21,C
96,42,B
71,48,B
83,70,A
78,63,A
72,25,B
23,37,C
94,72,A
58,45,B
89,92,A
50,54,B
40,74,B
27,65,B
56,97,A
29,85,B
67,32,B
11,99,B
80,15,B
71,24,B
81,18,B
28,63,B
67,85,A
97,25,B
32,71,B
54,66,B
47,93,A
97,38,B
33,31,C
14,28,C
15,15,C
29,65,B
37,16,C
24,77,B
74,25,B
24,91,B
60,96,A
75,78,A
19,25,C
60,17,C
37,82,B
45,47,B
47,31,C
87,82,A
92,68,A
45,99,A
47,46,B
38,97,B
23,59,B
19,85,B
15,89,B
98,89,A
25,39,C
52,81,B
51,88,B
56,95,A
43,27,C
22,75,B
68,61,B
18,82,B
27,61,B
62,67,B
91,14,B
73,57,B
47,33,B
42,21,C
46,11,C
16,22,C
34,34,C
46,43,B
59,24,B
30,38,C
98,19,B
19,92,B
81,41,B
100,68,A
57,75,B
45,39,B
76,57,B
87,33,B
28,51,C
65,41,B
54,95,A
84,59,A
53,28,B
59,20,C
89,68,A
24,61,B
98,46,A
85,64,A
86,29,B
16,54,C
54,39,B
15,21,C
79,90,A
65,68,B
92,35,B
53,98,A
84,15,B
85,97,A
86,13,B
83,29,B
35,92,B
46,60,B
74,46,B
74,21,B
15,76,B
28,36,C
64,78,A
22,29,C
51,73,B
37,87,B
19,78,B
42,68,B
36,38,C
24,78,B
17,85,B
24,71,B
93,41,B
80,16,B
86,37,B
33,28,C
40,99,B
56,20,C
78,27,B
13,59,C
86,15,B
48,59,B
60,42,B
37,13,C
20,69,B
43,15,C
70,42,B
69,18,B
47,64,B
56,90,A
94,17,B
31,44,C
60,51,B
23,71,B
72,87,A
88,85,A
50,15,C
89,10,B
87,57,A
67,73,A
38,16,C
41,73,B
10,43,C
34,26,C
63,16,C
60,30,B
42,53,B
50,72,B
61,19,B
79,23,B
63,85,A
20,71,B
38,27,C
23,45,C
51,54,B
71,33,B
71,51,B
29,61,B
71,31,B
76,86,A
72,96,A
97,92,A
43,15,C
58,93,A
18,21,C
14,45,C
92,64,A
64,30,B
83,62,A
40,48,B
66,15,B
21,91,B
91,82,A
27,94,B
78,38,B
42,85,B
59,14,C
15,16,C
65,13,C
68,24,B
51,100,A
56,78,B
16,53,C
45,61,B
14,81,B
17,58,C
35,80,B
76,18,B
48,36,B
74,79,A
100,97,A
57,51,B
53,63,B
48,67,B
45,22,C
82,71,A
73,15,B
90,80,A
90,55,A
47,28,C
100,96,A
10,74,B
58,65,B
31,32,C
83,61,A
76,96,A
15,66,B
96,56,A
42,17,C
83,31,B
43,47,B
91,89,A
48,60,B
65,53,B
43,98,A
76,16,B
16,27,C
78,52,B
44,17,C
51,87,B
75,21,B
51,72,B
38,90,B
89,18,B
55,79,B
29,35,C
32,52,B
55,70,B
78,76,A
71,98,A
17,25,C
75,74,A
49,19,C
82,94,A
26,52,C
57,14,C
51,34,B
90,88,A
99,78,A
32,78,B
11,41,C
39,72,B
38,34,C
81,80,A
89,91,A
48,14,C
98,81,A
34,85,B
77,15,B
33,28,C
89,38,B
99,73,A
93,20,B
65,91,A
14,21,C
81,77,A
35,91,B
67,80,A
19,100,B
81,52,B
31,63,B
40,67,B
82,94,A
15,75,B
47,88,B
27,31,C
71,85,A
55,63,B
15,28,C
19,72,B
100,24,B
15,18,C
16,23,C
70,74,A
32,40,C
11,47,C
48,58,B
43,78,B
99,79,A
95,100,A
21,35,C
93,33,B
99,83,A
27,99,B
84,66,A
95,58,A
29,51,B
83,12,B
88,64,A
16,19,C
57,93,A
25,62,B
54,31,B
61,84,A
10,56,C
86,45,B
24,44,C
35,30,C
89,92,A
30,65,B
66,45,B
34,12,C
47,96,A
56,95,A
37,41,C
89,76,A
89,75,A
45,87,B
86,74,A
24,28,C
92,73,A
15,19,C
84,70,A
17,61,C
38,19,C
97,51,A
98,98,A
97,10,B
91,74,A
69,85,A
67,52,B
88,45,B
76,96,A
31,78,B
69,52,B
45,63,B
18,74,B
80,33,B
30,17,C
78,78,A
18,96,B
43,58,B
65,66,B
58,64,B
98,61,A
47,92,B
13,15,C
37,14,C
91,73,A
82,14,B
73,20,B
83,45,B
29,44,C
18,64,B
98,15,B
11,67,C
28,12,C
85,59,A
72,17,B
28,38,C
72,70,A
27,42,C
81,25,B
67,55,B
59,84,A
63,57,B
99,24,B
78,82,A
37,41,C
49,49,B
97,11,B
57,34,B
20,90,B
61,90,A
93,57,A
79,85,A
18,11,C
19,96,B
60,11,C
32,36,C
83,87,A
57,34,B
70,38,B
69,34,B
20,31,C
97,19,B
99,68,A
95,80,A
78,25,B
55,20,C
41,49,B
34,77,B
25,19,C
97,81,A
95,18,B
29,92,B
20,11,C
14,67,B
58,53,B
96,33,B
43,23,C
47,65,B
91,60,A
69,92,A
83,47,B
80,48,B
83,95,A
76,46,B
26,87,B
12,61,C
32,23,C
44,77,B
14,12,C
98,61,A
30,81,B
81,61,A
32,89,B
68,46,B
67,96,A
94,11,B
87,50,B
90,94,A
62,73,B
44,25,C
26,81,B
49,19,C
31,18,C
100,77,A
26,84,B
49,15,C
35,78,B
16,76,B
52,27,C
98,50,A
89,67,A
13,90,B
75,53,B
97,94,A
74,82,A
21,69,B
28,77,B
88,13,B
28,52,B
78,18,B
26,61,B
12,29,C
48,78,B
76,47,B
68,26,B
12,14,C
24,28,C
79,50,B
34,87,B
10,48,C
40,81,B
62,12,C
39,79,B
87,66,A
28,92,B
89,24,B
60,23,B
16,17,C
94,48,A
67,80,A
53,30,B
100,18,B
22,11,C
51,67,B
57,57,B
42,48,B
60,76,B
86,56,A
91,77,A
79,11,B
71,80,A
76,43,B
94,60,A
81,51,B
67,79,A
75,98,A
58,24,B
90,68,A
83,43,B
19,54,C
43,53,B
63,23,B
93,48,A
27,71,B
92,95,A
94,37,B
56,80,B
70,95,A
80,45,B
12,21,C
17,95,B
88,23,B
18,56,C
37,23,C
33,33,C
99,32,B
54,65,B
78,18,B
69,21,B
36,36,C
100,45,A
18,43,C
53,38,B
13,55,C
99,44,A
90,82,A
59,26,B
74,61,B
54,26,B
16,18,C
90,10,B
52,84,B
72,22,B
51,57,B
88,13,B
71,96,A
26,12,C
66,78,A
28,59,B
77,74,A
68,57,B
61,79,A
64,10,C
29,98,B
12,57,C
49,57,B
30,25,C
56,66,B
79,71,A
74,74,A
12,29,C
50,83,B
32,96,B
73,18,B
45,60,B
71,46,B
25,52,C
96,89,A
42,52,B
80,53,B
38,85,B
19,19,C
73,86,A
12,14,C
88,58,A
86,58,A
49,87,B
32,31,C
32,76,B
53,64,B
15,79,B
21,64,B
74,92,A
56,95,A
70,21,B
46,64,B
34,30,C
30,73,B
77,50,B
63,99,A
88,54,A
89,92,A
27,72,B
20,53,C
71,90,A
98,34,B
43,84,B
11,90,B
53,63,B
87,48,B
27,58,B
70,19,B
13,81,B
42,98,A
95,92,A
94,39,B
93,56,A
62,49,B
77,70,A
96,50,A
91,96,A
19,69,B
41,32,C
100,77,A
26,42,C
51,93,A
46,68,B
23,59,B
73,60,B
90,85,A
23,14,C
69,96,A
27,29,C
73,15,B
46,24,C
61,85,A
62,13,C
19,41,C
82,32,B
78,60,B
97,53,A
100,25,B
13,12,C
84,13,B
89,46,B
46,21,C
45,33,C
33,38,C
31,39,C
30,90,B
83,66,A
20,96,B
76,98,A
29,42,C
14,34,C
25,42,C
97,54,A
90,92,A
57,79,B
17,34,C
91,65,A
55,82,B
34,13,C
92,85,A
52,47,B
17,37,C
25,46,C
85,40,B
16,71,B
69,98,A
35,83,B
36,65,B
100,29,B
78,98,A
36,81,B
49,57,B
95,28,B
76,51,B
69,48,B
72,80,A
43,46,B
45,53,B
26,35,C
15,62,C
81,91,A
24,56,B
94,47,A
78,47,B
30,30,C
29,56,B
24,41,C
93,99,A
55,79,B
23,98,B
100,46,A
60,72,B
16,71,B
59,43,B
60,77,B
34,94,B
78,27,B
66,27,B
13,64,C
25,25,C
91,50,A
67,11,C
29,43,C
12,63,C
58,57,B
61,17,C
55,59,B
42,21,C
80,95,A
21,16,C
41,18,C
73,51,B
92,51,A
26,14,C
10,22,C
66,29,B
87,81,A
57,47,B
21,25,C
51,79,B
32,54,B
71,64,B
78,51,B
96,14,B
70,56,B
96,83,A
25,78,B
85,100,A
66,96,A
54,25,C
93,50,A
33,77,B
80,49,B
79,65,A
19,51,C
57,20,C
84,29,B
76,34,B
53,56,B
97,100,A
64,71,B
79,85,A
56,11,C
54,62,B
92,99,A
30,75,B
90,49,B
47,93,A
44,39,B
51,59,B
13,35,C
24,44,C
24,64,B
96,55,A
64,73,B
77,56,B
42,78,B
47,42,B
80,84,A
86,53,B
33,64,B
25,46,C
69,98,A
41,16,C
71,87,A
44,90,B
37,100,B
54,99,A
99,74,A
71,68,B
98,62,A
29,33,C
22,30,C
25,87,B
61,61,B
16,87,B
77,82,A
52,16,C
55,77,B
69,32,B
22,37,C
49,30,C
75,19,B
96,66,A
78,27,B
16,31,C
70,87,A
67,67,B
44,45,B
93,85,A
75,52,B
99,48,A
97,40,B
56,63,B
11,47,C
36,44,B
87,89,A
35,99,B
74,86,A
43,52,B
83,24,B
88,61,A
28,88,B
72,76,A
24,34,C
40,17,C
67,56,B
46,38,B
15,35,C
29,54,B
57,39,B
94,84,A
21,84,B
69,71,A
98,65,A
53,89,A
10,24,C
34,34,C
74,69,A
68,66,B
61,43,B
90,21,B
21,41,C
95,22,B
55,26,B
31,52,B
63,11,C
30,54,B
80,31,B
84,84,A
63,30,B
70,65,B
35,95,B
47,76,B
25,98,B
68,58,B
64,39,B
23,36,C
67,32,B
98,99,A
62,85,A
96,15,B
40,28,C
29,58,B
73,46,B
73,15,B
60,79,B
51,78,B
68,98,A
20,86,B
68,35,B
20,87,B
25,37,C
45,88,B
54,80,B
60,14,C
76,74,A
35,22,C
47,87,B
49,49,B
14,51,C
63,17,B
55,29,B
96,87,A
80,34,B
50,28,C
76,93,A
91,27,B
66,34,B
90,37,B
17,25,C
52,47,B
74,93,A
80,65,A
28,88,B
75,82,A
26,13,C
43,77,B
62,15,C
27,55,B
43,29,C
85,31,B
68,65,B
49,85,B
72,33,B
99,11,B
78,35,B
99,94,A
15,40,C
31,55,B
66,56,B
69,35,B
20,88,B
16,38,C
64,29,B
95,96,A
80,30,B
76,42,B
70,68,B
58,89,A
74,11,B
67,77,A
80,41,B
87,76,A
73,11,B
95,64,A
48,81,B
26,20,C
18,58,C
85,17,B
18,88,B
78,97,A
86,40,B
73,28,B
38,36,C
43,84,B
75,17,B
41,39,B
42,44,B
67,30,B
84,97,A
46,79,B
86,88,A
17,56,C
23,14,C
80,65,A
59,45,B
35,87,B
27,46,C
96,93,A
79,52,B
100,75,A
27,37,C
87,94,A
98,14,B
45,37,B
100,75,A
24,60,B
28,28,C
73,75,A
22,90,B
24,80,B
55,39,B
60,22,B
15,33,C
96,47,A
86,98,A
52,48,B
61,58,B
50,39,B
97,44,A
53,65,B
97,83,A
92,51,A
72,50,B
85,26,B
19,49,C
80,51,B
37,35,C
21,72,B
78,35,B
92,28,B
49,11,C
59,37,B
12,49,C
91,62,A
57,37,B
68,28,B
78,86,A
94,69,A
99,30,B
67,50,B
96,80,A
85,39,B
81,56,B
30,74,B
21,74,B
98,74,A
45,74,B
55,15,C
77,29,B
71,77,A
70,68,B
16,98,B
76,11,B
89,27,B
55,14,C
67,74,A
20,37,C
45,41,B
32,88,B
38,30,C
23,19,C
66,12,C
31,35,C
60,61,B
32,42,C
91,84,A
99,37,B
64,39,B
44,67,B
86,41,B
54,83,B
33,22,C
10,61,C
46,72,B
28,56,B
59,76,B
59,62,B
100,64,A
94,47,A
56,50,B
29,44,C
37,94,B
82,88,A
12,48,C
74,50,B
83,70,A
71,67,B
90,92,A
71,23,B
51,99,A
29,75,B
58,34,B
27,78,B
47,19,C
76,76,A
54,12,C
50,42,B
76,78,A
81,77,A
38,44,B
76,46,B
29,51,B
38,70,B
40,11,C
31,85,B
55,34,B
48,83,B
14,30,C
35,84,B
60,90,A
72,76,A
23,87,B
91,18,B
93,80,A
56,13,C
99,35,B
54,15,C
68,36,B
93,39,B
73,85,A
78,70,A
10,63,C
61,90,A
26,78,B
13,98,B
45,18,C
88,83,A
27,27,C
51,16,C
99,57,A
53,18,C
67,90,A
35,16,C
44,56,B
29,93,B
77,40,B
95,83,A
82,15,B
17,90,B
30,77,B
49,20,C
29,48,C
69,48,B
62,71,B
78,76,A
49,99,A
95,41,B
95,36,B
64,45,B
63,99,A
68,34,B
40,26,C
24,44,C
83,15,B
37,17,C
47,94,A
16,24,C
12,53,C
56,99,A
36,93,B
52,17,C
44,53,B
89,93,A
22,25,C
45,27,C
97,63,A
63,88,A
24,25,C
50,68,B
19,73,B
43,91,B
82,100,A
76,31,B
51,31,B
77,82,A
30,85,B
56,26,B
18,42,C
54,99,A
58,49,B
46,70,B
31,87,B
15,12,C
91,41,B
100,81,A
37,32,C
78,44,B
83,31,B
88,39,B
33,98,B
90,91,A
58,38,B
44,39,B
34,58,B
86,22,B
56,58,B
35,46,B
38,69,B
78,83,A
33,78,B
76,69,A
61,79,A
72,66,B
67,12,C
80,52,B
49,74,B
32,27,C
31,27,C
75,91,A
67,62,B
84,69,A
33,35,C
68,99,A
84,49,B
54,57,B
90,42,B
11,19,C
12,51,C
64,16,B
60,50,B
71,42,B
69,57,B
45,89,B
93,89,A
48,20,C
98,40,B
63,72,B
86,20,B
27,95,B
84,48,B
76,17,B
66,90,A
61,46,B
10,75,B
26,71,B
78,94,A
48,60,B
97,53,A
64,76,A
65,31,B
54,81,B
54,10,C
89,20,B
44,34,C
99,93,A
21,61,B
66,61,B
67,59,B
45,43,B
89,24,B
94,14,B
85,88,A
84,29,B
79,74,A
17,88,B
56,21,C
10,10,C
85,28,B
15,72,B
90,75,A
85,37,B
79,57,B
76,56,B
50,74,B
98,49,A
29,59,B
22,93,B
34,91,B
90,34,B
33,54,B
50,70,B
14,94,B
36,67,B
72,64,B
21,43,C
98,91,A
59,23,B
41,54,B
17,78,B
57,19,C
62,71,B
16,51,C
14,69,B
45,39,B
89,59,A
36,19,C
62,28,B
19,72,B
68,24,B
26,85,B
43,49,B
37,49,B
84,79,A
52,33,B
44,50,B
92,23,B
93,28,B
87,38,B
32,27,C
44,52,B
34,29,C
76,11,B
89,11,B
60,73,B
96,67,A
70,62,B
21,39,C
49,48,B
23,46,C
10,69,C
55,52,B
63,74,B
93,65,A
72,98,A
55,97,A
51,85,B
24,36,C
93,82,A
41,46,B
20,17,C
18,94,B
68,99,A
31,21,C
22,52,C
18,41,C
64,39,B
85,29,B
71,59,B
12,93,B
41,50,B
94,72,A
71,51,B
52,66,B
22,71,B
85,40,B
55,59,B
14,59,C
55,22,C
53,26,C
32,45,C
97,21,B
74,58,B
82,62,A
78,50,B
70,44,B
98,39,B
78,42,B
75,90,A
34,20,C
22,52,C
53,95,A
74,56,B
50,86,B
73,43,B
47,33,B
14,56,C
34,67,B
91,33,B
18,22,C
64,12,C
34,18,C
72,31,B
33,64,B
46,75,B
29,92,B
85,95,A
13,34,C
74,19,B
62,13,C
41,61,B
37,11,C
20,29,C
63,71,B
32,50,B
11,97,B
57,50,B
55,31,B
10,71,B
17,36,C
97,100,A
43,37,B
41,45,B
62,51,B
15,69,B
62,25,B
64,28,B
62,64,B
84,82,A
46,51,B
41,99,A
32,63,B
28,60,B
44,99,A
82,55,B
26,49,C
50,18,C
44,30,C
94,65,A
23,26,C
90,79,A
78,36,B
60,12,C
28,82,B
51,99,A
51,65,B
69,26,B
85,59,A
84,93,A
60,55,B
86,67,A
76,29,B
15,98,B
89,62,A
87,100,A
21,76,B
44,91,B
72,36,B
16,61,C
53,33,B
73,90,A
24,55,C
12,68,B
98,63,A
29,47,C
38,27,C
100,41,A
48,96,A
78,53,B
22,94,B
55,91,A
45,73,B
90,13,B
41,59,B
36,96,B
18,93,B
65,31,B
44,27,C
12,14,C
74,92,A
20,25,C
76,88,A
15,26,C
30,77,B
98,91,A
80,49,B
26,73,B
37,46,B
46,49,B
38,60,B
20,88,B
28,92,B
90,95,A
60,62,B
85,55,A
21,45,C
10,27,C
57,51,B
83,16,B
13,70,B
33,93,B
67,47,B
27,23,C
60,34,B
67,36,B
49,91,A
25,79,B
38,85,B
62,75,B
55,75,B
34,94,B
33,19,C
77,43,B
43,11,C
69,15,B
75,20,B
86,79,A
25,71,B
92,95,A
60,16,C
69,65,B
50,50,B
60,82,A
40,99,B
78,82,A
54,29,B
15,42,C
33,55,B
30,57,B
52,94,A
24,87,B
22,100,B
52,44,B
26,60,B
22,71,B
91,91,A
52,30,B
49,55,B
12,77,B
68,45,B
51,44,B
20,96,B
26,34,C
80,92,A
98,40,B
56,73,B
95,70,A
78,28,B
70,17,B
79,88,A
13,64,C
73,96,A
53,19,C
24,16,C
22,69,B
64,51,B
61,17,C
19,12,C
74,79,A
31,68,B
84,94,A
80,94,A
44,78,B
61,50,B
61,70,B
90,24,B
78,18,B
67,98,A
28,60,B
85,40,B
48,50,B
82,48,B
17,15,C
17,80,B
70,69,B
65,43,B
26,19,C
49,50,B
53,55,B
36,17,C
91,22,B
47,47,B
94,98,A
72,88,A
100,74,A
14,27,C
25,99,B
72,47,B
22,34,C
82,59,A
14,13,C
73,40,B
28,63,B
40,28,C
24,91,B
60,100,A
47,74,B
88,98,A
84,18,B
93,62,A
81,73,A
95,28,B
29,65,B
72,55,B
86,48,B
44,43,B
23,41,C
87,24,B
100,64,A
52,35,B
20,71,B
73,82,A
75,83,A
10,11,C
14,78,B
86,36,B
29,35,C
89,31,B
23,28,C
33,18,C
54,18,C
91,84,A
85,99,A
90,79,A
99,91,A
36,20,C
100,30,B
69,75,A
54,95,A
27,31,C
66,13,C
33,31,C
16,75,B
76,54,B
36,40,C
43,17,C
72,37,B
57,21,C
40,68,B
28,41,C
43,63,B
96,71,A
23,85,B
73,32,B
66,95,A
50,85,B
63,85,A
46,58,B
32,88,B
32,36,C
75,24,B
65,89,A
35,34,C
59,35,B
22,15,C
56,45,B
70,96,A
30,33,C
28,40,C
67,87,A
28,27,C
52,58,B
49,14,C
58,86,A
50,29,C
81,76,A
17,60,C
50,60,B
62,21,B
72,23,B
74,80,A
89,51,A
93,76,A
40,30,C
55,100,A
21,64,B
14,20,C
22,22,C
34,19,C
64,61,B
16,30,C
84,33,B
35,69,B
69,14,B
78,75,A
20,99,B
38,36,C
32,34,C
59,23,B
29,57,B
17,95,B
66,56,B
96,91,A
46,35,B
82,70,A
53,34,B
17,54,C
89,69,A
73,83,A
30,73,B
17,51,C
90,83,A
66,61,B
16,48,C
44,63,B
49,65,B
33,48,B
86,90,A
26,73,B
85,72,A
32,20,C
40,56,B
60,90,A
14,94,B
26,27,C
87,89,A
87,48,B
94,99,A
48,63,B
45,70,B
35,77,B
62,23,B
75,11,B
85,48,B
59,80,B
19,75,B
70,63,B
49,88,B
13,30,C
35,86,B
31,85,B
42,45,B
59,95,A
62,17,C
44,35,C
52,10,C
73,97,A
60,16,C
13,68,B
24,49,C
19,91,B
84,29,B
96,19,B
36,13,C
21,61,B
85,59,A
65,72,B
23,26,C
17,95,B
11,10,C
57,72,B
54,67,B
18,83,B
78,82,A
71,87,A
81,71,A
86,28,B
96,50,A
85,56,A
78,12,B
22,87,B
73,25,B
62,45,B
38,64,B
76,10,B
65,83,A
93,75,A
38,73,B
57,29,B
69,85,A
58,64,B
90,71,A
47,63,B
84,55,B
16,21,C
23,85,B
99,55,A
32,77,B
38,64,B
25,51,C
22,50,C
11,28,C
26,88,B
56,29,B
78,13,B
33,15,C
26,52,C
98,55,A
45,53,B
30,20,C
98,71,A
12,14,C
68,21,B
54,57,B
63,80,A
54,38,B
71,56,B
19,82,B
44,20,C
98,13,B
14,17,C
74,88,A
74,18,B
23,87,B
63,69,B
57,80,B
51,40,B
11,12,C
83,64,A
26,37,C
13,27,C
59,67,B
57,97,A
19,55,C
99,87,A
100,43,A
79,100,A
84,34,B
53,78,B
23,64,B
78,92,A
71,88,A
21,68,B
16,72,B
13,45,C
39,95,B
46,31,C
24,13,C
45,57,B
98,63,A
46,16,C
18,77,B
13,41,C
56,56,B
40,31,C
56,15,C
23,82,B
66,13,C
16,51,C
61,54,B
72,61,B
27,98,B
86,32,B
36,59,B
82,68,A
39,68,B
48,50,B
41,35,C
48,68,B
29,22,C
15,65,B
79,37,B
86,11,B
38,88,B
71,44,B
66,30,B
59,64,B
91,18,B
86,19,B
12,24,C
41,47,B
28,13,C
35,28,C
74,50,B
19,93,B
17,28,C
75,46,B
17,93,B
84,92,A
16,12,C
55,20,C
88,37,B
37,47,B
87,73,A
45,36,B
61,93,A
76,98,A
67,71,B
45,18,C
57,60,B
11,54,C
18,83,B
45,22,C
75,89,A
42,80,B
83,57,A
19,75,B
78,25,B
54,79,B
63,93,A
15,95,B
98,59,A
72,69,A
71,96,A
14,37,C
75,71,A
72,66,B
60,19,C
21,85,B
89,63,A
23,15,C
25,41,C
69,54,B
19,83,B
60,74,B
98,100,A
64,59,B
91,92,A
90,79,A
78,63,A
91,32,B
66,98,A
85,44,B
25,10,C
51,19,C
39,81,B
54,29,B
23,67,B
55,97,A
89,46,B
20,30,C
56,81,B
71,93,A
33,57,B
66,26,B
88,41,B
39,100,B
21,23,C
72,13,B
20,88,B
65,34,B
10,70,B
50,25,C
56,21,C
77,91,A
82,31,B
31,56,B
30,97,B
54,99,A
28,49,C
90,60,A
100,56,A
100,57,A
38,81,B
35,23,C
85,49,B
45,40,B
33,27,C
46,49,B
45,87,B
13,95,B
51,40,B
80,70,A
11,25,C
98,46,A
37,28,C
75,19,B
68,82,A
45,89,B
48,17,C
59,84,A
46,28,C
50,78,B
25,41,C
86,25,B
71,41,B
37,25,C
64,11,C
84,15,B
52,24,C
80,92,A
85,97,A
90,81,A
46,12,C
48,71,B
29,72,B
100,71,A
82,99,A
40,63,B
41,76,B
36,21,C
36,29,C
82,59,A
40,95,B
73,49,B
97,77,A
10,10,C
50,82,B
69,59,B
24,93,B
32,61,B
81,37,B
33,75,B
85,67,A
61,43,B
12,42,C
26,53,C
11,66,C
61,95,A
27,43,C
59,93,A
13,16,C
89,52,A
62,97,A
22,38,C
18,51,C
66,89,A
82,64,A
21,80,B
69,61,B
65,88,A
62,90,A
15,49,C
80,82,A
76,96,A
36,88,B
59,23,B
68,50,B
48,41,B
38,91,B
63,66,B
20,76,B
22,92,B
24,74,B
21,83,B
60,13,C
75,61,B
81,13,B
67,15,B
30,63,B
66,52,B
51,54,B
41,54,B
32,39,C
65,100,A
22,95,B
12,19,C
48,71,B
18,43,C
67,84,A
74,98,A
30,80,B
86,78,A
53,54,B
73,30,B
87,29,B
74,16,B
80,37,B
34,31,C
19,18,C
86,72,A
79,41,B
33,92,B
12,95,B
91,60,A
69,28,B
40,56,B
75,72,A
61,64,B
66,87,A
38,90,B
78,20,B
80,68,A
91,65,A
70,28,B
80,80,A
30,72,B
56,28,B
43,88,B
18,21,C
52,36,B
59,99,A
39,74,B
40,45,B
51,55,B
34,89,B
29,34,C
67,67,B
43,98,A
96,66,A
55,60,B
85,43,B
19,99,B
31,97,B
82,17,B
27,85,B
20,88,B
19,58,C
42,66,B
92,48,A
61,26,B
45,66,B
63,91,A
89,10,B
11,59,C
28,23,C
16,39,C
23,27,C
83,60,A
78,84,A
70,47,B
67,61,B
63,66,B
18,46,C
85,77,A
68,89,A
87,87,A
17,22,C
72,78,A
19,82,B
70,65,B
75,26,B
83,12,B
87,14,B
11,39,C
32,79,B
81,58,B
61,46,B
68,89,A
61,40,B
67,45,B
11,42,C
58,19,C
13,85,B
58,28,B
84,59,A
46,59,B
